

 CREATE DATABASE IF NOT EXISTS rt;
    USE rt;
   
    -- Creamos la tabla company
    CREATE TABLE IF NOT EXISTS company (
        id VARCHAR(15) PRIMARY KEY,
        company_name VARCHAR(255),
        phone VARCHAR(15),
        email VARCHAR(100),
        country VARCHAR(100),
        website VARCHAR(255)
    );
    
    USE rt ;

-- Insertamos datos de company
INSERT INTO company (id, company_name, phone, email, country, website) VALUES (        'b-2222', 'Ac Fermentum Incorporated', '06 85 56 52 33', 'donec.porttitor.tellus@yahoo.net', 'Germany', 'https://instagram.com/site');
INSERT INTO company (id, company_name, phone, email, country, website) VALUES (        'b-2226', 'Magna A Neque Industries', '04 14 44 64 62', 'risus.donec.nibh@icloud.org', 'Australia', 'https://whatsapp.com/group/9');
INSERT INTO company (id, company_name, phone, email, country, website) VALUES (        'b-2230', 'Fusce Corp.', '08 14 97 58 85', 'risus@protonmail.edu', 'United States', 'https://pinterest.com/sub/cars');
INSERT INTO company (id, company_name, phone, email, country, website) VALUES (        'b-2234', 'Convallis In Incorporated', '06 66 57 29 50', 'mauris.ut@aol.couk', 'Germany', 'https://cnn.com/user/110');
INSERT INTO company (id, company_name, phone, email, country, website) VALUES (        'b-2238', 'Ante Iaculis Nec Foundation', '08 23 04 99 53', 'sed.dictum.proin@outlook.ca', 'New Zealand', 'https://netflix.com/settings');
INSERT INTO company (id, company_name, phone, email, country, website) VALUES (        'b-2242', 'Donec Ltd', '01 25 51 37 37', 'at.iaculis@hotmail.couk', 'Norway', 'https://nytimes.com/user/110');
INSERT INTO company (id, company_name, phone, email, country, website) VALUES (        'b-2246', 'Sed Nunc Ltd', '02 62 64 73 48', 'nibh@yahoo.org', 'United Kingdom', 'https://cnn.com/one');
INSERT INTO company (id, company_name, phone, email, country, website) VALUES (        'b-2250', 'Amet Nulla Donec Corporation', '07 15 25 14 74', 'mattis.integer.eu@protonmail.net', 'Italy', 'https://netflix.com/sub/cars');
INSERT INTO company (id, company_name, phone, email, country, website) VALUES (        'b-2254', 'Nascetur Ridiculus Mus Inc.', '06 26 87 61 84', 'suspendisse.dui@icloud.net', 'United States', 'https://ebay.com/sub');
INSERT INTO company (id, company_name, phone, email, country, website) VALUES (        'b-2258', 'Vestibulum Lorem PC', '02 02 87 33 40', 'aenean.massa.integer@aol.net', 'Belgium', 'https://pinterest.com/sub/cars');
INSERT INTO company (id, company_name, phone, email, country, website) VALUES (        'b-2262', 'Gravida Sagittis LLP', '03 81 28 33 97', 'turpis.vitae@google.ca', 'Sweden', 'https://naver.com/site');
INSERT INTO company (id, company_name, phone, email, country, website) VALUES (        'b-2266', 'Mus Aenean Eget Foundation', '06 25 15 52 43', 'mi.duis@hotmail.net', 'Sweden', 'https://instagram.com/group/9');
INSERT INTO company (id, company_name, phone, email, country, website) VALUES (        'b-2270', 'Dis Parturient Institute', '05 36 29 78 74', 'purus@protonmail.org', 'Ireland', 'https://google.com/one');
INSERT INTO company (id, company_name, phone, email, country, website) VALUES (        'b-2274', 'Sed LLC', '01 63 16 26 52', 'at@outlook.com', 'Belgium', 'https://reddit.com/fr');
INSERT INTO company (id, company_name, phone, email, country, website) VALUES (        'b-2278', 'Arcu LLP', '06 46 04 41 45', 'dui@aol.ca', 'Norway', 'https://yahoo.com/sub');
INSERT INTO company (id, company_name, phone, email, country, website) VALUES (        'b-2282', 'Pretium Neque Corp.', '07 77 48 55 28', 'eleifend.nec.malesuada@protonmail.couk', 'Australia', 'https://netflix.com/sub');
INSERT INTO company (id, company_name, phone, email, country, website) VALUES (        'b-2286', 'Fringilla LLC', '08 29 15 93 57', 'gravida@protonmail.couk', 'New Zealand', 'https://reddit.com/user/110');
INSERT INTO company (id, company_name, phone, email, country, website) VALUES (        'b-2290', 'Quisque Libero LLC', '01 45 48 71 11', 'sapien.molestie.orci@hotmail.couk', 'China', 'https://baidu.com/group/9');
INSERT INTO company (id, company_name, phone, email, country, website) VALUES (        'b-2294', 'Auctor Mauris Vel LLP', '08 09 28 74 14', 'nec.tempus@icloud.couk', 'United States', 'https://instagram.com/fr');
INSERT INTO company (id, company_name, phone, email, country, website) VALUES (        'b-2298', 'Elit Etiam Laoreet Associates', '07 69 74 17 45', 'ultrices@google.couk', 'Canada', 'https://yahoo.com/fr');
INSERT INTO company (id, company_name, phone, email, country, website) VALUES (        'b-2302', 'Nunc Interdum Incorporated', '05 18 15 48 13', 'non@outlook.com', 'Germany', 'https://wikipedia.org/en-us');
INSERT INTO company (id, company_name, phone, email, country, website) VALUES (        'b-2306', 'Augue Foundation', '06 88 43 15 63', 'mauris@yahoo.com', 'Germany', 'https://baidu.com/sub/cars');
INSERT INTO company (id, company_name, phone, email, country, website) VALUES (        'b-2310', 'Non Magna LLC', '06 71 73 13 17', 'nisl.quisque.fringilla@hotmail.ca', 'United Kingdom', 'https://whatsapp.com/site');
INSERT INTO company (id, company_name, phone, email, country, website) VALUES (        'b-2314', 'A Institute', '03 34 91 68 65', 'metus.aliquam@google.edu', 'Belgium', 'https://reddit.com/fr');
INSERT INTO company (id, company_name, phone, email, country, website) VALUES (        'b-2318', 'Quam A Felis Industries', '04 87 10 27 16', 'proin.velit@icloud.edu', 'Italy', 'https://ebay.com/settings');
INSERT INTO company (id, company_name, phone, email, country, website) VALUES (        'b-2322', 'Integer Mollis Corp.', '03 12 20 45 24', 'eu.eros@protonmail.ca', 'Italy', 'https://netflix.com/group/9');
INSERT INTO company (id, company_name, phone, email, country, website) VALUES (        'b-2326', 'Enim Condimentum Ltd', '09 55 51 66 25', 'imperdiet.non.vestibulum@yahoo.net', 'United Kingdom', 'https://cnn.com/group/9');
INSERT INTO company (id, company_name, phone, email, country, website) VALUES (        'b-2330', 'Donec Fringilla PC', '01 51 58 14 44', 'ut.tincidunt@hotmail.ca', 'France', 'https://google.com/fr');
INSERT INTO company (id, company_name, phone, email, country, website) VALUES (        'b-2334', 'Amet Institute', '06 33 40 21 33', 'nullam.lobortis.quam@outlook.net', 'Australia', 'https://nytimes.com/one');
INSERT INTO company (id, company_name, phone, email, country, website) VALUES (        'b-2338', 'Magna Incorporated', '07 73 69 44 18', 'non@google.net', 'New Zealand', 'https://twitter.com/en-us');
INSERT INTO company (id, company_name, phone, email, country, website) VALUES (        'b-2342', 'Fringilla Porttitor Incorporated', '06 30 30 97 81', 'ultrices.a.auctor@protonmail.couk', 'Sweden', 'https://wikipedia.org/settings');
INSERT INTO company (id, company_name, phone, email, country, website) VALUES (        'b-2346', 'Ut Semper Foundation', '01 60 36 33 06', 'consectetuer@google.ca', 'Sweden', 'https://ebay.com/settings');
INSERT INTO company (id, company_name, phone, email, country, website) VALUES (        'b-2350', 'Aliquet Vel Vulputate Incorporated', '04 40 43 84 18', 'suspendisse.commodo@outlook.couk', 'Netherlands', 'https://facebook.com/one');
INSERT INTO company (id, company_name, phone, email, country, website) VALUES (        'b-2354', 'Ac Libero Inc.', '04 36 20 64 29', 'mollis.lectus@protonmail.ca', 'United Kingdom', 'https://reddit.com/one');
INSERT INTO company (id, company_name, phone, email, country, website) VALUES (        'b-2358', 'Ac Industries', '09 34 65 40 60', 'ipsum@yahoo.com', 'Germany', 'https://bbc.co.uk/group/9');
INSERT INTO company (id, company_name, phone, email, country, website) VALUES (        'b-2362', 'Lorem Eu Incorporated', '01 83 66 62 07', 'enim.gravida.sit@hotmail.net', 'Canada', 'https://baidu.com/en-ca');
INSERT INTO company (id, company_name, phone, email, country, website) VALUES (        'b-2366', 'Mauris Institute', '05 29 60 36 87', 'morbi.vehicula@outlook.couk', 'Sweden', 'https://ebay.com/sub/cars');
INSERT INTO company (id, company_name, phone, email, country, website) VALUES (        'b-2370', 'Non Justo Corp.', '09 30 54 14 44', 'urna.ut.tincidunt@yahoo.edu', 'Sweden', 'https://baidu.com/en-us');
INSERT INTO company (id, company_name, phone, email, country, website) VALUES (        'b-2374', 'Amet Faucibus Ut Foundation', '03 21 62 47 12', 'malesuada@icloud.net', 'United Kingdom', 'https://zoom.us/fr');
INSERT INTO company (id, company_name, phone, email, country, website) VALUES (        'b-2378', 'Erat LLP', '03 18 88 77 79', 'non.vestibulum@protonmail.net', 'Netherlands', 'https://ebay.com/fr');
INSERT INTO company (id, company_name, phone, email, country, website) VALUES (        'b-2382', 'Neque Tellus Incorporated', '04 43 18 34 19', 'ultrices.iaculis.odio@aol.ca', 'Ireland', 'https://google.com/site');
INSERT INTO company (id, company_name, phone, email, country, website) VALUES (        'b-2386', 'Lacus Quisque Associates', '06 26 86 55 77', 'convallis@yahoo.couk', 'United States', 'https://baidu.com/group/9');
INSERT INTO company (id, company_name, phone, email, country, website) VALUES (        'b-2390', 'Neque Tellus Imperdiet Corp.', '09 15 42 22 11', 'vestibulum.ante.ipsum@aol.edu', 'Ireland', 'https://whatsapp.com/sub/cars');
INSERT INTO company (id, company_name, phone, email, country, website) VALUES (        'b-2394', 'Tortor Nunc Commodo Company', '05 35 92 77 16', 'placerat.cras@hotmail.net', 'United States', 'https://zoom.us/settings');
INSERT INTO company (id, company_name, phone, email, country, website) VALUES (        'b-2398', 'Eget Ipsum Ltd', '03 67 44 56 72', 'lacinia.at.iaculis@hotmail.net', 'United States', 'https://whatsapp.com/settings');
INSERT INTO company (id, company_name, phone, email, country, website) VALUES (        'b-2402', 'At Pede Corp.', '06 14 48 33 15', 'ac.mi.eleifend@hotmail.edu', 'Italy', 'https://netflix.com/site');
INSERT INTO company (id, company_name, phone, email, country, website) VALUES (        'b-2406', 'Non Ante LLP', '08 89 47 65 08', 'at.augue.id@aol.net', 'Sweden', 'https://nytimes.com/group/9');
INSERT INTO company (id, company_name, phone, email, country, website) VALUES (        'b-2410', 'Sed Id Limited', '07 28 18 18 13', 'iaculis.enim@outlook.net', 'United States', 'https://netflix.com/sub/cars');
INSERT INTO company (id, company_name, phone, email, country, website) VALUES (        'b-2414', 'Netus Et Malesuada Ltd', '02 55 43 68 46', 'et.ipsum.cursus@aol.edu', 'Netherlands', 'https://baidu.com/sub/cars');
INSERT INTO company (id, company_name, phone, email, country, website) VALUES (        'b-2418', 'Mauris Id Inc.', '04 83 24 50 85', 'bibendum.sed.est@yahoo.net', 'Ireland', 'https://google.com/one');
INSERT INTO company (id, company_name, phone, email, country, website) VALUES (        'b-2422', 'Urna Convallis Associates', '06 01 24 77 04', 'aliquam@yahoo.org', 'United States', 'https://cnn.com/sub/cars');
INSERT INTO company (id, company_name, phone, email, country, website) VALUES (        'b-2426', 'Pede Cum Ltd', '07 62 26 48 38', 'lorem.ipsum.sodales@yahoo.ca', 'Norway', 'https://cnn.com/one');
INSERT INTO company (id, company_name, phone, email, country, website) VALUES (        'b-2430', 'Interdum Feugiat Sed Associates', '04 88 40 32 52', 'consectetuer.mauris@yahoo.couk', 'United Kingdom', 'https://nytimes.com/sub');
INSERT INTO company (id, company_name, phone, email, country, website) VALUES (        'b-2434', 'Tristique Neque Venenatis Institute', '04 34 85 12 85', 'ullamcorper.magna@hotmail.ca', 'Sweden', 'https://ebay.com/sub');
INSERT INTO company (id, company_name, phone, email, country, website) VALUES (        'b-2438', 'Nunc Ac PC', '03 53 62 76 95', 'non.ante@google.com', 'Sweden', 'https://nytimes.com/fr');
INSERT INTO company (id, company_name, phone, email, country, website) VALUES (        'b-2442', 'Aliquam Erat Volutpat LLP', '06 01 63 57 66', 'pede.nunc@icloud.net', 'Italy', 'https://instagram.com/fr');
INSERT INTO company (id, company_name, phone, email, country, website) VALUES (        'b-2446', 'Risus Associates', '04 25 82 54 31', 'egestas.ligula.nullam@google.edu', 'Australia', 'https://whatsapp.com/group/9');
INSERT INTO company (id, company_name, phone, email, country, website) VALUES (        'b-2450', 'Turpis Company', '09 69 48 65 52', 'cursus.integer@outlook.ca', 'Netherlands', 'https://instagram.com/sub');
INSERT INTO company (id, company_name, phone, email, country, website) VALUES (        'b-2454', 'Justo Eu Arcu Ltd', '08 42 56 71 52', 'ac.facilisis@icloud.couk', 'Italy', 'https://nytimes.com/group/9');
INSERT INTO company (id, company_name, phone, email, country, website) VALUES (        'b-2458', 'Eget Tincidunt Dui Institute', '05 35 93 32 44', 'eget.laoreet@hotmail.org', 'Netherlands', 'https://wikipedia.org/user/110');
INSERT INTO company (id, company_name, phone, email, country, website) VALUES (        'b-2462', 'Pede Ultrices Ltd', '04 52 40 26 17', 'justo.proin@yahoo.com', 'Belgium', 'https://instagram.com/group/9');
INSERT INTO company (id, company_name, phone, email, country, website) VALUES (        'b-2466', 'Amet Lorem LLP', '05 47 44 68 02', 'ultricies.adipiscing@icloud.edu', 'Spain', 'https://wikipedia.org/one');
INSERT INTO company (id, company_name, phone, email, country, website) VALUES (        'b-2470', 'Nec Luctus LLC', '02 14 71 75 73', 'consectetuer.cursus@protonmail.couk', 'Norway', 'https://instagram.com/user/110');
INSERT INTO company (id, company_name, phone, email, country, website) VALUES (        'b-2474', 'Mauris Incorporated', '06 84 33 15 97', 'nisi.mauris.nulla@hotmail.net', 'Norway', 'https://cnn.com/site');
INSERT INTO company (id, company_name, phone, email, country, website) VALUES (        'b-2478', 'Etiam Bibendum Fermentum Industries', '07 46 69 45 02', 'sem.magna@icloud.ca', 'France', 'https://youtube.com/one');
INSERT INTO company (id, company_name, phone, email, country, website) VALUES (        'b-2482', 'Dui Cras Associates', '08 12 73 87 84', 'tristique@yahoo.com', 'Italy', 'https://reddit.com/fr');
INSERT INTO company (id, company_name, phone, email, country, website) VALUES (        'b-2486', 'Tincidunt Orci Limited', '01 78 18 81 44', 'velit.pellentesque@outlook.edu', 'Norway', 'https://nytimes.com/settings');
INSERT INTO company (id, company_name, phone, email, country, website) VALUES (        'b-2490', 'Nunc Sit Incorporated', '07 28 42 63 63', 'pede.ultrices@icloud.net', 'Norway', 'https://naver.com/en-ca');
INSERT INTO company (id, company_name, phone, email, country, website) VALUES (        'b-2494', 'Malesuada PC', '01 74 85 68 70', 'cras.lorem.lorem@outlook.com', 'Ireland', 'https://yahoo.com/fr');
INSERT INTO company (id, company_name, phone, email, country, website) VALUES (        'b-2498', 'Metus Vitae Associates', '08 25 44 40 66', 'ad@protonmail.com', 'Australia', 'https://google.com/site');
INSERT INTO company (id, company_name, phone, email, country, website) VALUES (        'b-2502', 'Dolor Vitae Limited', '06 53 60 43 60', 'purus.maecenas@yahoo.edu', 'France', 'https://whatsapp.com/user/110');
INSERT INTO company (id, company_name, phone, email, country, website) VALUES (        'b-2506', 'Sapien Nunc Pulvinar LLP', '08 37 12 58 11', 'sit.amet@yahoo.net', 'New Zealand', 'https://netflix.com/settings');
INSERT INTO company (id, company_name, phone, email, country, website) VALUES (        'b-2510', 'Maecenas Malesuada Fringilla Inc.', '09 38 53 76 61', 'id.ante@yahoo.ca', 'Netherlands', 'https://zoom.us/en-us');
INSERT INTO company (id, company_name, phone, email, country, website) VALUES (        'b-2514', 'Cras Consulting', '07 50 10 85 63', 'sed.consequat@google.ca', 'Belgium', 'https://baidu.com/en-us');
INSERT INTO company (id, company_name, phone, email, country, website) VALUES (        'b-2518', 'Aliquet Sem Limited', '03 75 57 02 01', 'sem.magna@yahoo.edu', 'Netherlands', 'https://cnn.com/group/9');
INSERT INTO company (id, company_name, phone, email, country, website) VALUES (        'b-2522', 'Viverra Donec Foundation', '03 33 12 32 73', 'dictum.eu@outlook.net', 'United Kingdom', 'https://nytimes.com/site');
INSERT INTO company (id, company_name, phone, email, country, website) VALUES (        'b-2526', 'Amet Luctus Vulputate Foundation', '03 18 54 24 19', 'nulla@outlook.com', 'Canada', 'https://netflix.com/en-ca');
INSERT INTO company (id, company_name, phone, email, country, website) VALUES (        'b-2530', 'Tincidunt Associates', '09 82 63 76 61', 'neque.sed@hotmail.com', 'Ireland', 'https://netflix.com/site');
INSERT INTO company (id, company_name, phone, email, country, website) VALUES (        'b-2534', 'Mattis Foundation', '06 74 03 95 74', 'sed@google.couk', 'Australia', 'https://netflix.com/site');
INSERT INTO company (id, company_name, phone, email, country, website) VALUES (        'b-2538', 'At Associates', '09 56 61 10 65', 'tristique.neque@yahoo.couk', 'New Zealand', 'https://walmart.com/one');
INSERT INTO company (id, company_name, phone, email, country, website) VALUES (        'b-2542', 'Nunc In Foundation', '03 79 81 18 92', 'ac.fermentum@protonmail.com', 'Italy', 'https://netflix.com/sub');
INSERT INTO company (id, company_name, phone, email, country, website) VALUES (        'b-2546', 'Lorem Ipsum Dolor Corp.', '09 03 14 76 02', 'augue.id@icloud.net', 'Sweden', 'https://baidu.com/site');
INSERT INTO company (id, company_name, phone, email, country, website) VALUES (        'b-2550', 'Auctor Mauris Corp.', '05 62 87 14 41', 'eget.metus@protonmail.ca', 'Germany', 'https://walmart.com/sub');
INSERT INTO company (id, company_name, phone, email, country, website) VALUES (        'b-2554', 'Cras Vehicula Aliquet Industries', '03 37 86 87 75', 'arcu@hotmail.org', 'Netherlands', 'https://google.com/sub');
INSERT INTO company (id, company_name, phone, email, country, website) VALUES (        'b-2558', 'Nulla Integer Vulputate Corp.', '04 57 50 84 48', 'interdum@protonmail.org', 'Sweden', 'https://yahoo.com/one');
INSERT INTO company (id, company_name, phone, email, country, website) VALUES (        'b-2562', 'Dictum Eu Corp.', '03 04 73 67 31', 'donec.vitae@icloud.ca', 'Canada', 'https://netflix.com/en-ca');
INSERT INTO company (id, company_name, phone, email, country, website) VALUES (        'b-2566', 'Aliquam PC', '01 45 73 52 16', 'scelerisque.mollis@icloud.org', 'Germany', 'https://yahoo.com/en-ca');
INSERT INTO company (id, company_name, phone, email, country, website) VALUES (        'b-2570', 'Aliquet Diam Limited', '02 76 61 47 46', 'eu.eros.nam@icloud.org', 'United States', 'https://facebook.com/en-us');
INSERT INTO company (id, company_name, phone, email, country, website) VALUES (        'b-2574', 'Orci Adipiscing Limited', '03 18 00 77 81', 'dolor.fusce@protonmail.ca', 'United Kingdom', 'https://reddit.com/user/110');
INSERT INTO company (id, company_name, phone, email, country, website) VALUES (        'b-2578', 'Dui Quis Institute', '06 93 28 72 81', 'luctus.sit.amet@yahoo.couk', 'New Zealand', 'https://yahoo.com/en-us');
INSERT INTO company (id, company_name, phone, email, country, website) VALUES (        'b-2582', 'Nibh Phasellus Corporation', '08 48 67 57 48', 'nisi@google.edu', 'China', 'https://netflix.com/sub/cars');
INSERT INTO company (id, company_name, phone, email, country, website) VALUES (        'b-2586', 'Tempor Diam Institute', '05 01 94 80 87', 'cursus.in@yahoo.com', 'Netherlands', 'https://naver.com/settings');
INSERT INTO company (id, company_name, phone, email, country, website) VALUES (        'b-2590', 'Euismod Mauris Institute', '02 13 69 54 85', 'vivamus.molestie@icloud.ca', 'Belgium', 'https://ebay.com/en-ca');
INSERT INTO company (id, company_name, phone, email, country, website) VALUES (        'b-2594', 'Et Magnis Ltd', '03 53 76 11 76', 'dapibus.ligula@protonmail.net', 'Belgium', 'https://instagram.com/sub');
INSERT INTO company (id, company_name, phone, email, country, website) VALUES (        'b-2598', 'Aliquam Iaculis Lacus Corp.', '04 43 07 91 26', 'dictum@aol.org', 'Belgium', 'https://pinterest.com/one');
INSERT INTO company (id, company_name, phone, email, country, website) VALUES (        'b-2602', 'Placerat LLP', '05 43 67 24 41', 'tellus.suspendisse@hotmail.org', 'Netherlands', 'https://zoom.us/sub');
INSERT INTO company (id, company_name, phone, email, country, website) VALUES (        'b-2606', 'Sed Est Corp.', '04 58 02 37 91', 'tempor.bibendum@google.couk', 'Canada', 'https://instagram.com/sub/cars');
INSERT INTO company (id, company_name, phone, email, country, website) VALUES (        'b-2610', 'Egestas Nunc Sed Limited', '06 01 02 70 47', 'vitae@hotmail.edu', 'Italy', 'https://walmart.com/one');
INSERT INTO company (id, company_name, phone, email, country, website) VALUES (        'b-2614', 'Rutrum Non Inc.', '02 66 31 61 09', 'neque@protonmail.net', 'Germany', 'https://netflix.com/site');
INSERT INTO company (id, company_name, phone, email, country, website) VALUES (        'b-2618', 'Non Institute', '06 77 15 31 14', 'amet.metus@protonmail.couk', 'United Kingdom', 'https://guardian.co.uk/settings');


    USE rt;
      -- Creamos la tabla transaction
    CREATE TABLE IF NOT EXISTS transaction (
        id VARCHAR(255) PRIMARY KEY,
        credit_card_id VARCHAR(15) ,
        company_id VARCHAR(20), 
        user_id INT REFERENCES user(id),
        lat FLOAT,
        longitude FLOAT,
        timestamp TIMESTAMP,
        amount DECIMAL(10, 2),
        declined BOOLEAN
        
    );
    
    
   -- Insertamos datos de transaction
    USE rt;
   
INSERT INTO transaction (id, credit_card_id, company_id, user_id, lat, longitude, timestamp, amount, declined) VALUES (        '108B1D1D-5B23-A76C-55EF-C568E49A05DD', 'CcU-2938', 'b-2222', '275', '83.7839152128', '-178.860353536', '2021-07-07 17:43:16',         '293.57', '0');
INSERT INTO transaction (id, credit_card_id, company_id, user_id, lat, longitude, timestamp, amount, declined) VALUES (        '7DC26247-20EC-53FE-E555-B6C2E55CA5D5', 'CcU-2945', 'b-2226', '275', '58.9367181312', '-76.8171099136', '2022-02-04 15:52:56',         '312.5', '0');
INSERT INTO transaction (id, credit_card_id, company_id, user_id, lat, longitude, timestamp, amount, declined) VALUES (        '72997E96-DC2C-A4D7-7C24-66C302F8AE5A', 'CcU-2952', 'b-2230', '275', '43.3584055296', '-17.6579677184', '2022-01-30 15:16:36',         '239.87', '0');
INSERT INTO transaction (id, credit_card_id, company_id, user_id, lat, longitude, timestamp, amount, declined) VALUES (        'AB069F53-965E-A2A8-CE06-CA8C4FD92501', 'CcU-2959', 'b-2234', '275', '1.6481916928', '-158.0065729536', '2021-04-15 13:37:18',         '60.99', '0');
INSERT INTO transaction (id, credit_card_id, company_id, user_id, lat, longitude, timestamp, amount, declined) VALUES (        '2F3B6AB6-147D-EB0B-FE8D-9A4E2EA9DBD5', 'CcU-2966', 'b-2238', '275', '-43.4811227136', '16.6025207808', '2021-10-18 06:12:03',         '33.81', '0');
INSERT INTO transaction (id, credit_card_id, company_id, user_id, lat, longitude, timestamp, amount, declined) VALUES (        '5B0EEF86-B8A1-EFAA-5EE1-27E7DC8F54A4', 'CcU-2973', 'b-2242', '275', '-64.1136375808', '85.2490600448', '2022-01-06 01:44:48',         '42.82', '0');
INSERT INTO transaction (id, credit_card_id, company_id, user_id, lat, longitude, timestamp, amount, declined) VALUES (        '2B928E1C-EC14-A760-0A75-871477649D6A', 'CcU-2980', 'b-2246', '275', '-41.049559552', '161.6848917504', '2021-08-10 08:14:49',         '383.73', '0');
INSERT INTO transaction (id, credit_card_id, company_id, user_id, lat, longitude, timestamp, amount, declined) VALUES (        '063FBA79-99EC-66FB-29F7-25726D1764A5', 'CcU-2987', 'b-2250', '275', '-81.222680576', '-129.049879552', '2022-01-06 21:25:27',         '92.61', '0');
INSERT INTO transaction (id, credit_card_id, company_id, user_id, lat, longitude, timestamp, amount, declined) VALUES (        'D33B21EB-A61E-BD8C-5DE7-1DA4AC210AE6', 'CcU-2994', 'b-2254', '275', '5.2730230784', '5.061312512', '2022-03-02 13:29:50',         '20.35', '0');
INSERT INTO transaction (id, credit_card_id, company_id, user_id, lat, longitude, timestamp, amount, declined) VALUES (        '841AC1A0-9CA6-2AF7-EBC2-BC9C77C1EBB8', 'CcU-3001', 'b-2258', '275', '-39.6528282624', '88.7919108096', '2021-12-20 02:01:10',         '428.4', '0');
INSERT INTO transaction (id, credit_card_id, company_id, user_id, lat, longitude, timestamp, amount, declined) VALUES (        'D3470F3E-9683-799A-40F1-E42C143BAC5A', 'CcU-3008', 'b-2262', '275', '-62.8359631872', '-17.71266816', '2021-11-29 19:06:42',         '379.14', '0');
INSERT INTO transaction (id, credit_card_id, company_id, user_id, lat, longitude, timestamp, amount, declined) VALUES (        'D6F37D7A-A07E-01AA-DE27-476C89D26A8E', 'CcU-3015', 'b-2266', '275', '-83.7747781632', '179.885781504', '2021-11-25 19:06:32',         '419.97', '0');
INSERT INTO transaction (id, credit_card_id, company_id, user_id, lat, longitude, timestamp, amount, declined) VALUES (        'DE684792-5DEE-5E12-D0B5-C5661D48F42A', 'CcU-3022', 'b-2270', '275', '61.227753472', '13.3562263552', '2021-06-23 17:07:22',         '71.55', '0');
INSERT INTO transaction (id, credit_card_id, company_id, user_id, lat, longitude, timestamp, amount, declined) VALUES (        '4832166E-E11C-BBC3-41DB-B8704686B7A3', 'CcU-3029', 'b-2274', '275', '-72.4205815808', '-168.1795437568', '2022-01-18 16:12:47',         '416.66', '0');
INSERT INTO transaction (id, credit_card_id, company_id, user_id, lat, longitude, timestamp, amount, declined) VALUES (        '1788C881-EE67-9BAB-377A-4C78E772160B', 'CcU-3036', 'b-2278', '275', '55.913455104', '110.5549494272', '2022-01-16 08:19:44',         '486.83', '0');
INSERT INTO transaction (id, credit_card_id, company_id, user_id, lat, longitude, timestamp, amount, declined) VALUES (        '4B3FF0B5-1547-801E-D5B0-44EDB2F62210', 'CcU-3043', 'b-2282', '275', '48.9972803584', '-50.5497547776', '2021-12-04 23:00:20',         '63.12', '0');
INSERT INTO transaction (id, credit_card_id, company_id, user_id, lat, longitude, timestamp, amount, declined) VALUES (        '2C7D9B65-2629-CAB1-5010-77BD1A74ADA6', 'CcU-3050', 'b-2286', '275', '-15.6687583232', '-70.1488001024', '2021-07-08 22:54:31',         '258.18', '0');
INSERT INTO transaction (id, credit_card_id, company_id, user_id, lat, longitude, timestamp, amount, declined) VALUES (        '71983A22-79E9-4843-60EB-B935637FFAA4', 'CcU-3057', 'b-2290', '275', '-80.9933531136', '52.5998742528', '2022-01-10 13:04:11',         '155.44', '0');
INSERT INTO transaction (id, credit_card_id, company_id, user_id, lat, longitude, timestamp, amount, declined) VALUES (        '91C71934-D65D-B4A1-0D5E-670A47DAC93C', 'CcU-3064', 'b-2294', '275', '83.6934478848', '114.2644864', '2022-01-22 22:09:08',         '179.4', '0');
INSERT INTO transaction (id, credit_card_id, company_id, user_id, lat, longitude, timestamp, amount, declined) VALUES (        '79B621A9-3FAA-41E4-2845-3DE6532C743D', 'CcU-3071', 'b-2298', '275', '60.7640276992', '-6.0305291264', '2021-05-09 01:19:22',         '400.63', '0');
INSERT INTO transaction (id, credit_card_id, company_id, user_id, lat, longitude, timestamp, amount, declined) VALUES (        '632BBEE9-4725-E15C-7FC4-5B5D7EC5BD29', 'CcU-3078', 'b-2302', '275', '45.8950729728', '-58.7070354432', '2021-08-27 22:13:25',         '203.23', '0');
INSERT INTO transaction (id, credit_card_id, company_id, user_id, lat, longitude, timestamp, amount, declined) VALUES (        'C79B917A-76A1-9A57-A9DF-D8CAD4C91684', 'CcU-3085', 'b-2306', '275', '28.4279876608', '96.7118838784', '2022-01-04 08:21:53',         '15.05', '0');
INSERT INTO transaction (id, credit_card_id, company_id, user_id, lat, longitude, timestamp, amount, declined) VALUES (        '4334349E-CEB0-3D68-A4D4-FEB7718A1ACE', 'CcU-3092', 'b-2310', '275', '-20.4858958848', '150.8698927104', '2021-05-03 22:37:23',         '458.74', '0');
INSERT INTO transaction (id, credit_card_id, company_id, user_id, lat, longitude, timestamp, amount, declined) VALUES (        'E6439B1C-C8F4-15B5-36ED-718482226631', 'CcU-3099', 'b-2314', '275', '47.7901473792', '-27.6321056768', '2021-12-22 05:31:42',         '266.09', '0');
INSERT INTO transaction (id, credit_card_id, company_id, user_id, lat, longitude, timestamp, amount, declined) VALUES (        '4915FB62-6A6C-9ACA-E92E-03D94E774161', 'CcU-3106', 'b-2318', '274', '52.3774137344', '-176.6384135168', '2022-01-03 20:51:56',         '376.41', '0');
INSERT INTO transaction (id, credit_card_id, company_id, user_id, lat, longitude, timestamp, amount, declined) VALUES (        'CDF1E4E5-1A4D-54CD-8734-D48AC4C3E5E6', 'CcU-3113', 'b-2322', '274', '-13.227096064', '-55.1560356864', '2021-04-24 15:25:29',         '261.35', '0');
INSERT INTO transaction (id, credit_card_id, company_id, user_id, lat, longitude, timestamp, amount, declined) VALUES (        '4E562A2B-99E9-8C82-2340-B6623BC9FE2F', 'CcU-3120', 'b-2326', '273', '-65.8033184768', '158.0998510592', '2021-03-23 15:43:37',         '409.68', '0');
INSERT INTO transaction (id, credit_card_id, company_id, user_id, lat, longitude, timestamp, amount, declined) VALUES (        '2139A647-D965-AA81-3915-55DADA16CD3F', 'CcU-3127', 'b-2330', '273', '9.5045337088', '128.8788835328', '2022-03-07 10:53:46',         '119.68', '0');
INSERT INTO transaction (id, credit_card_id, company_id, user_id, lat, longitude, timestamp, amount, declined) VALUES (        '55B161FA-A6E4-7783-11A3-ABB8930198E3', 'CcU-3134', 'b-2334', '272', '-47.3147159552', '135.2381384704', '2021-06-08 00:12:08',         '412.48', '0');
INSERT INTO transaction (id, credit_card_id, company_id, user_id, lat, longitude, timestamp, amount, declined) VALUES (        '598EA316-9623-BDA9-6D24-529A830AD995', 'CcU-3141', 'b-2338', '272', '28.3061554176', '-84.78810112', '2021-11-08 17:41:00',         '227.44', '0');
INSERT INTO transaction (id, credit_card_id, company_id, user_id, lat, longitude, timestamp, amount, declined) VALUES (        'C0E79971-4E7D-C876-ABE5-5402A7162951', 'CcU-3148', 'b-2342', '272', '-2.2297613312', '-7.4983288832', '2022-01-26 17:28:29',         '354.28', '0');
INSERT INTO transaction (id, credit_card_id, company_id, user_id, lat, longitude, timestamp, amount, declined) VALUES (        'B9A3856E-B2FE-F957-CC3F-F3473D2B5CFE', 'CcU-3155', 'b-2346', '272', '-23.9967936512', '-53.9415194624', '2021-05-10 12:13:51',         '455.64', '0');
INSERT INTO transaction (id, credit_card_id, company_id, user_id, lat, longitude, timestamp, amount, declined) VALUES (        'A993ECC6-B915-5796-8B2A-8191DF52588E', 'CcU-3162', 'b-2350', '272', '-20.70611712', '140.1890896896', '2021-11-12 09:46:07',         '45.04', '0');
INSERT INTO transaction (id, credit_card_id, company_id, user_id, lat, longitude, timestamp, amount, declined) VALUES (        '2A5A3001-104F-1D1F-7852-5BA801869B6F', 'CcU-3169', 'b-2354', '272', '-67.2524722176', '-142.5573557248', '2022-02-27 18:35:15',         '30.76', '0');
INSERT INTO transaction (id, credit_card_id, company_id, user_id, lat, longitude, timestamp, amount, declined) VALUES (        '5E7BBA02-A5B6-C734-D7B7-241D674254A9', 'CcU-3176', 'b-2358', '272', '-13.0019257344', '-115.7905188864', '2021-07-07 02:25:17',         '396.15', '0');
INSERT INTO transaction (id, credit_card_id, company_id, user_id, lat, longitude, timestamp, amount, declined) VALUES (        'FAAD3FFC-1A17-E141-43D3-359A5BA7CB3B', 'CcU-3183', 'b-2362', '272', '59.4872242176', '129.9640623104', '2021-10-24 20:16:23',         '149.84', '0');
INSERT INTO transaction (id, credit_card_id, company_id, user_id, lat, longitude, timestamp, amount, declined) VALUES (        '276AB37B-1B03-234B-1DA0-88FF91175221', 'CcU-3190', 'b-2366', '272', '80.0352710656', '-20.541671424', '2021-11-08 23:39:09',         '427.71', '0');
INSERT INTO transaction (id, credit_card_id, company_id, user_id, lat, longitude, timestamp, amount, declined) VALUES (        'FA053936-75D8-85FA-490D-9B624E1B920A', 'CcU-3197', 'b-2370', '272', '-75.1414936576', '139.1819940864', '2021-07-06 10:18:35',         '151.32', '0');
INSERT INTO transaction (id, credit_card_id, company_id, user_id, lat, longitude, timestamp, amount, declined) VALUES (        'E5078B1B-9591-E204-CC0A-E14C4EC74EAB', 'CcU-3204', 'b-2374', '272', '69.543437312', '98.8782738432', '2021-09-06 01:29:42',         '220.85', '0');
INSERT INTO transaction (id, credit_card_id, company_id, user_id, lat, longitude, timestamp, amount, declined) VALUES (        '9CB62BC2-FFA6-449F-59E4-379EDA5F29C6', 'CcU-3211', 'b-2378', '272', '-59.3929253888', '65.4921740288', '2021-08-08 20:59:10',         '448.44', '0');
INSERT INTO transaction (id, credit_card_id, company_id, user_id, lat, longitude, timestamp, amount, declined) VALUES (        '3C612673-2DD7-43C4-87CA-F90DE2E1372E', 'CcU-3218', 'b-2382', '272', '-8.8929613824', '137.2026401792', '2021-05-05 14:28:12',         '477.1', '0');
INSERT INTO transaction (id, credit_card_id, company_id, user_id, lat, longitude, timestamp, amount, declined) VALUES (        '2449E458-D672-3152-B598-FE959AC3AEB6', 'CcU-3225', 'b-2386', '272', '-12.1829583872', '-73.7255243776', '2021-04-25 23:15:39',         '245.25', '0');
INSERT INTO transaction (id, credit_card_id, company_id, user_id, lat, longitude, timestamp, amount, declined) VALUES (        'FD2E8957-414B-BEEC-E9AD-59AA7A8A6290', 'CcU-3232', 'b-2390', '272', '-24.3194717184', '-11.4134912', '2022-03-13 00:27:34',         '78.29', '0');
INSERT INTO transaction (id, credit_card_id, company_id, user_id, lat, longitude, timestamp, amount, declined) VALUES (        '15CC4862-D13E-ED4B-941C-486484AFDFAD', 'CcU-3239', 'b-2394', '272', '-14.0843383808', '7.7993745408', '2021-04-22 13:56:42',         '447.11', '0');
INSERT INTO transaction (id, credit_card_id, company_id, user_id, lat, longitude, timestamp, amount, declined) VALUES (        '51DDB2CB-211E-C27A-24C1-239329CA17BF', 'CcU-3246', 'b-2398', '272', '1.402783232', '-36.9595363328', '2021-05-04 08:08:01',         '481.86', '0');
INSERT INTO transaction (id, credit_card_id, company_id, user_id, lat, longitude, timestamp, amount, declined) VALUES (        'ECA2BD28-2B62-921A-A912-E68C2806C27E', 'CcU-3253', 'b-2402', '272', '79.0700643328', '-54.1087904768', '2021-09-09 11:23:34',         '370.01', '0');
INSERT INTO transaction (id, credit_card_id, company_id, user_id, lat, longitude, timestamp, amount, declined) VALUES (        'B6B96082-ECDB-22C1-C413-6E14E8078EC6', 'CcU-3260', 'b-2406', '272', '33.0893403136', '156.1172289536', '2021-07-13 11:55:05',         '356.85', '0');
INSERT INTO transaction (id, credit_card_id, company_id, user_id, lat, longitude, timestamp, amount, declined) VALUES (        '643CF9F8-30EC-537D-2FB9-E5BEAD5717C6', 'CcU-3267', 'b-2410', '272', '87.1070923776', '159.4832423936', '2021-05-17 12:21:08',         '477.51', '0');
INSERT INTO transaction (id, credit_card_id, company_id, user_id, lat, longitude, timestamp, amount, declined) VALUES (        '77B044E8-522C-7870-18E7-B4458BD7EC90', 'CcU-3274', 'b-2414', '272', '-84.7013271552', '-108.8280443904', '2021-10-25 00:13:32',         '389.62', '0');
INSERT INTO transaction (id, credit_card_id, company_id, user_id, lat, longitude, timestamp, amount, declined) VALUES (        'B3CE84BA-2A5C-226C-749F-ECCDF91F19CE', 'CcU-3281', 'b-2418', '272', '-87.9506374656', '-176.5752183808', '2021-07-22 21:28:48',         '320.14', '0');
INSERT INTO transaction (id, credit_card_id, company_id, user_id, lat, longitude, timestamp, amount, declined) VALUES (        '7545D580-8332-0024-92F2-6AB47E5C205E', 'CcU-3288', 'b-2422', '272', '-70.2914691072', '-172.7615072256', '2021-04-26 02:55:40',         '70.79', '0');
INSERT INTO transaction (id, credit_card_id, company_id, user_id, lat, longitude, timestamp, amount, declined) VALUES (        '7AB09864-E615-84D4-A818-0E6177185C92', 'CcU-3295', 'b-2426', '272', '18.7004151808', '-15.893744128', '2021-04-09 07:53:50',         '442.32', '0');
INSERT INTO transaction (id, credit_card_id, company_id, user_id, lat, longitude, timestamp, amount, declined) VALUES (        'B53165B9-7C93-0783-641C-5EA94E4C8683', 'CcU-3302', 'b-2430', '272', '-11.1418186752', '-166.0740972544', '2021-07-20 10:12:15',         '164.86', '0');
INSERT INTO transaction (id, credit_card_id, company_id, user_id, lat, longitude, timestamp, amount, declined) VALUES (        '8432397E-BCE5-EC1D-67E3-E0F92EDB1777', 'CcU-3309', 'b-2434', '272', '-81.1295386624', '-157.7700215808', '2021-12-14 13:34:42',         '192.86', '0');
INSERT INTO transaction (id, credit_card_id, company_id, user_id, lat, longitude, timestamp, amount, declined) VALUES (        '44ED47D3-5B2D-2D7C-44C8-8B258DF3773C', 'CcU-3316', 'b-2438', '272', '-66.2683267072', '107.2030398464', '2021-04-07 19:18:12',         '64.15', '0');
INSERT INTO transaction (id, credit_card_id, company_id, user_id, lat, longitude, timestamp, amount, declined) VALUES (        'D1B245BE-2D26-CA7D-C357-027A6D27A0A1', 'CcU-3323', 'b-2442', '272', '-89.380389888', '145.0691058688', '2021-08-10 05:53:00',         '33.4', '0');
INSERT INTO transaction (id, credit_card_id, company_id, user_id, lat, longitude, timestamp, amount, declined) VALUES (        '8655F767-78E6-733A-37B9-210CC3D1D4A9', 'CcU-3330', 'b-2446', '272', '89.429228032', '84.33507328', '2021-07-24 01:23:07',         '58.95', '0');
INSERT INTO transaction (id, credit_card_id, company_id, user_id, lat, longitude, timestamp, amount, declined) VALUES (        '414D51E1-B793-49F5-B593-795429B4E258', 'CcU-3337', 'b-2450', '272', '-41.8664717312', '76.37190144', '2021-03-31 01:22:49',         '50.99', '0');
INSERT INTO transaction (id, credit_card_id, company_id, user_id, lat, longitude, timestamp, amount, declined) VALUES (        '9B6B74E4-92EC-1E1B-908B-3C611E43611D', 'CcU-3344', 'b-2454', '272', '23.1261847552', '165.453066752', '2021-07-15 06:35:10',         '444.16', '0');
INSERT INTO transaction (id, credit_card_id, company_id, user_id, lat, longitude, timestamp, amount, declined) VALUES (        '8796C289-D355-1A10-3CD5-ADF327D4642A', 'CcU-3351', 'b-2458', '272', '-81.8838421504', '95.129209344', '2021-05-09 15:16:17',         '413.5', '0');
INSERT INTO transaction (id, credit_card_id, company_id, user_id, lat, longitude, timestamp, amount, declined) VALUES (        'EDC458E3-6E51-2D30-5CD6-838D10959BA5', 'CcU-3358', 'b-2462', '272', '59.5109033984', '-129.5318037504', '2021-09-05 04:25:45',         '227.29', '0');
INSERT INTO transaction (id, credit_card_id, company_id, user_id, lat, longitude, timestamp, amount, declined) VALUES (        'E6E14C3A-1AE7-7B62-57D8-16A6F19C995F', 'CcU-3365', 'b-2466', '272', '77.937078272', '-39.7161906176', '2021-04-29 08:21:17',         '26.22', '0');
INSERT INTO transaction (id, credit_card_id, company_id, user_id, lat, longitude, timestamp, amount, declined) VALUES (        'DB503576-8093-1D85-37D6-3439B577AD73', 'CcU-3372', 'b-2470', '272', '-58.9379032064', '85.8623578112', '2021-11-16 21:00:32',         '124.06', '0');
INSERT INTO transaction (id, credit_card_id, company_id, user_id, lat, longitude, timestamp, amount, declined) VALUES (        'B4F9ED4C-DEB5-266B-1A61-1A1965A10118', 'CcU-3379', 'b-2474', '272', '65.0690668544', '-55.9025476608', '2021-07-28 00:44:27',         '158.5', '0');
INSERT INTO transaction (id, credit_card_id, company_id, user_id, lat, longitude, timestamp, amount, declined) VALUES (        '85390F4A-9A61-3352-7EE3-ABDA9EDC7C55', 'CcU-3386', 'b-2478', '272', '51.8285784064', '-117.3192126464', '2021-08-02 22:13:22',         '223.67', '0');
INSERT INTO transaction (id, credit_card_id, company_id, user_id, lat, longitude, timestamp, amount, declined) VALUES (        'B1ED4136-DA1A-6BF3-4C61-7A575F624670', 'CcU-3393', 'b-2482', '272', '-71.5791250432', '-40.90865152', '2021-06-09 16:23:11',         '22.19', '0');
INSERT INTO transaction (id, credit_card_id, company_id, user_id, lat, longitude, timestamp, amount, declined) VALUES (        '92DCEDD9-46E7-9792-FA05-9B193E926C8B', 'CcU-3400', 'b-2486', '271', '-87.6272432128', '-120.9034125312', '2021-09-29 18:11:38',         '325.69', '0');
INSERT INTO transaction (id, credit_card_id, company_id, user_id, lat, longitude, timestamp, amount, declined) VALUES (        'E8063254-0D54-D3C6-B339-78456C984528', 'CcU-3407', 'b-2490', '271', '-66.3056008192', '77.6051360768', '2021-10-13 23:03:31',         '461.83', '0');
INSERT INTO transaction (id, credit_card_id, company_id, user_id, lat, longitude, timestamp, amount, declined) VALUES (        '9B487518-5BB7-8169-CD02-3E3992459539', 'CcU-3414', 'b-2494', '270', '53.8688925696', '95.6111263744', '2021-09-20 22:02:17',         '318.91', '0');
INSERT INTO transaction (id, credit_card_id, company_id, user_id, lat, longitude, timestamp, amount, declined) VALUES (        '5DC8DC6C-24F8-36A6-4A1C-60E444EC331E', 'CcU-3421', 'b-2498', '270', '48.17781248', '45.2784198656', '2022-02-25 21:35:25',         '61.37', '0');
INSERT INTO transaction (id, credit_card_id, company_id, user_id, lat, longitude, timestamp, amount, declined) VALUES (        'E147E181-2D6F-E466-AE2A-D2719EE19DDF', 'CcU-3428', 'b-2502', '269', '-13.3549968384', '-158.5614355456', '2021-08-28 19:43:06',         '164.88', '0');
INSERT INTO transaction (id, credit_card_id, company_id, user_id, lat, longitude, timestamp, amount, declined) VALUES (        '53398420-74DC-B969-5566-4A83B0DDD757', 'CcU-3435', 'b-2506', '269', '-11.6928208896', '-139.3603497984', '2021-04-09 18:28:45',         '270.62', '0');
INSERT INTO transaction (id, credit_card_id, company_id, user_id, lat, longitude, timestamp, amount, declined) VALUES (        'A38992C3-9B3D-C35C-3AC8-477132B4904D', 'CcU-3442', 'b-2510', '268', '19.7848306688', '-25.028188672', '2021-07-25 04:37:04',         '451.29', '0');
INSERT INTO transaction (id, credit_card_id, company_id, user_id, lat, longitude, timestamp, amount, declined) VALUES (        '439F4F6A-57C7-3A59-6038-AD7133887522', 'CcU-3449', 'b-2514', '268', '-13.9867411456', '-104.268312576', '2021-03-18 05:42:48',         '60.93', '0');
INSERT INTO transaction (id, credit_card_id, company_id, user_id, lat, longitude, timestamp, amount, declined) VALUES (        'CA8EDD4B-5EC5-8447-3804-20B27924B221', 'CcU-3456', 'b-2518', '267', '-74.8242696192', '58.2284633088', '2021-08-11 11:49:42',         '26.21', '0');
INSERT INTO transaction (id, credit_card_id, company_id, user_id, lat, longitude, timestamp, amount, declined) VALUES (        '6118B3E9-D9D1-55D4-1A1B-A58CC63845B6', 'CcU-3463', 'b-2522', '267', '-28.3637183488', '58.140263936', '2021-12-16 12:49:11',         '414.53', '0');
INSERT INTO transaction (id, credit_card_id, company_id, user_id, lat, longitude, timestamp, amount, declined) VALUES (        '518D6CCF-593A-8932-BE5B-44597DCDDFE9', 'CcU-3470', 'b-2526', '267', '48.0228115456', '171.9417682944', '2021-07-21 03:08:31',         '325.89', '0');
INSERT INTO transaction (id, credit_card_id, company_id, user_id, lat, longitude, timestamp, amount, declined) VALUES (        'CBEB6D56-317E-1FA2-55D1-31B5C769C6C7', 'CcU-3477', 'b-2530', '267', '-86.017708544', '-50.9870491648', '2021-11-29 21:51:24',         '173.34', '0');
INSERT INTO transaction (id, credit_card_id, company_id, user_id, lat, longitude, timestamp, amount, declined) VALUES (        '770ECE34-EC9D-34AE-8A96-A8E5749AA037', 'CcU-3484', 'b-2534', '267', '22.464975872', '-95.077144064', '2022-03-01 19:12:42',         '155.57', '0');
INSERT INTO transaction (id, credit_card_id, company_id, user_id, lat, longitude, timestamp, amount, declined) VALUES (        '743280CC-B786-23A5-5E18-15B5E1A9CB01', 'CcU-3491', 'b-2538', '267', '-73.4585229312', '34.2678037504', '2021-04-15 00:42:46',         '169.1', '0');
INSERT INTO transaction (id, credit_card_id, company_id, user_id, lat, longitude, timestamp, amount, declined) VALUES (        '75685049-7F29-3D74-733E-571854E7C521', 'CcU-3498', 'b-2542', '267', '12.3639561216', '-107.1690033152', '2021-06-15 16:38:00',         '183.84', '0');
INSERT INTO transaction (id, credit_card_id, company_id, user_id, lat, longitude, timestamp, amount, declined) VALUES (        '51CEA9A2-56AD-C8C8-EBDB-6AF2B74433F3', 'CcU-3505', 'b-2546', '267', '54.6398471168', '98.5172032512', '2021-12-25 08:01:05',         '239.36', '0');
INSERT INTO transaction (id, credit_card_id, company_id, user_id, lat, longitude, timestamp, amount, declined) VALUES (        'B9D9B488-E843-C5AD-FB5B-2F4DE894EA53', 'CcU-3512', 'b-2550', '267', '66.2626398208', '-151.0586621952', '2021-10-26 11:35:29',         '308.99', '0');
INSERT INTO transaction (id, credit_card_id, company_id, user_id, lat, longitude, timestamp, amount, declined) VALUES (        '8D895ADD-5501-2A9C-24DD-2EAEB7AEF1C5', 'CcU-3519', 'b-2554', '267', '8.5871087616', '-34.6615648256', '2021-10-27 19:43:57',         '181.87', '0');
INSERT INTO transaction (id, credit_card_id, company_id, user_id, lat, longitude, timestamp, amount, declined) VALUES (        'E1DEA6A2-4E2A-C572-3E58-CBCBEAED2A99', 'CcU-3526', 'b-2558', '267', '-43.0961108992', '112.6403743744', '2021-08-18 16:31:23',         '105.42', '0');
INSERT INTO transaction (id, credit_card_id, company_id, user_id, lat, longitude, timestamp, amount, declined) VALUES (        'A2689A2C-722B-9357-886D-2DDA864E246D', 'CcU-3533', 'b-2562', '267', '81.2377033728', '-56.2813515776', '2021-10-31 16:33:30',         '241.48', '0');
INSERT INTO transaction (id, credit_card_id, company_id, user_id, lat, longitude, timestamp, amount, declined) VALUES (        'CAAD217C-D2CC-C0D3-7D3A-95D6A32383EB', 'CcU-3540', 'b-2566', '267', '-38.5583654912', '100.383189504', '2021-06-01 23:01:05',         '280.34', '0');
INSERT INTO transaction (id, credit_card_id, company_id, user_id, lat, longitude, timestamp, amount, declined) VALUES (        '23CF8ED3-402C-7C54-59CD-DB505C5CCCCE', 'CcU-3547', 'b-2570', '267', '30.4188925952', '-31.8901768192', '2021-05-17 05:33:40',         '425.64', '0');
INSERT INTO transaction (id, credit_card_id, company_id, user_id, lat, longitude, timestamp, amount, declined) VALUES (        'BA91684D-74AA-3BB6-148B-346B6EAD1937', 'CcU-3554', 'b-2574', '267', '-2.0354372608', '-169.563285504', '2022-01-07 18:52:34',         '111.64', '0');
INSERT INTO transaction (id, credit_card_id, company_id, user_id, lat, longitude, timestamp, amount, declined) VALUES (        '2B20375D-A316-8471-E83E-41EC79B7A88D', 'CcU-3561', 'b-2578', '267', '74.1054133248', '-173.8095081472', '2021-04-12 14:14:02',         '43.22', '0');
INSERT INTO transaction (id, credit_card_id, company_id, user_id, lat, longitude, timestamp, amount, declined) VALUES (        'CDCDE7A5-39CD-9ABD-59D5-71641582C825', 'CcU-3568', 'b-2582', '267', '48.5640369152', '-39.76593152', '2021-05-28 17:07:31',         '289.04', '0');
INSERT INTO transaction (id, credit_card_id, company_id, user_id, lat, longitude, timestamp, amount, declined) VALUES (        'B4793303-EDF5-4F53-39CB-AA6A2877CDF9', 'CcU-3575', 'b-2586', '267', '57.7245380608', '62.9421807616', '2021-12-18 12:48:42',         '45.36', '0');
INSERT INTO transaction (id, credit_card_id, company_id, user_id, lat, longitude, timestamp, amount, declined) VALUES (        '69482DC9-4E31-62E0-14AC-05908C632212', 'CcU-3582', 'b-2590', '267', '10.0089513984', '-73.6605658112', '2021-12-23 18:01:59',         '233.45', '0');
INSERT INTO transaction (id, credit_card_id, company_id, user_id, lat, longitude, timestamp, amount, declined) VALUES (        'EEAAE515-66B6-B449-5926-54D397988AD9', 'CcU-3589', 'b-2594', '267', '-55.2664456192', '21.8042976256', '2021-07-06 22:34:47',         '316.74', '0');
INSERT INTO transaction (id, credit_card_id, company_id, user_id, lat, longitude, timestamp, amount, declined) VALUES (        '7A0BCF99-A8ED-A7C7-2828-CD30FDC44297', 'CcU-3596', 'b-2598', '267', '-51.2038091776', '-8.9516363776', '2022-02-08 11:05:05',         '92.18', '0');
INSERT INTO transaction (id, credit_card_id, company_id, user_id, lat, longitude, timestamp, amount, declined) VALUES (        '636C9DDA-453D-B336-FD2E-89A0E48E1C52', 'CcU-3603', 'b-2602', '267', '-12.1955081216', '-162.3607588864', '2021-12-09 12:30:42',         '357.08', '0');
INSERT INTO transaction (id, credit_card_id, company_id, user_id, lat, longitude, timestamp, amount, declined) VALUES (        '24EB2B70-3602-FDA8-54D5-9CD7F3CA523C', 'CcU-3610', 'b-2606', '267', '27.6947714048', '-10.7154512896', '2021-10-21 01:05:09',         '46.25', '0');
INSERT INTO transaction (id, credit_card_id, company_id, user_id, lat, longitude, timestamp, amount, declined) VALUES (        'D1E3CC8F-C783-2C23-1ED2-EBA82281C666', 'CcU-3617', 'b-2610', '267', '-8.5768101888', '-53.3696371712', '2021-06-30 21:07:53',         '406.11', '0');
INSERT INTO transaction (id, credit_card_id, company_id, user_id, lat, longitude, timestamp, amount, declined) VALUES (        '494D615C-793A-2D79-B0D7-872F4F822346', 'CcU-3624', 'b-2614', '267', '-89.2202033152', '-100.2761054208', '2022-01-23 06:59:03',         '266.9', '0');
INSERT INTO transaction (id, credit_card_id, company_id, user_id, lat, longitude, timestamp, amount, declined) VALUES (        '3D4B5BDD-C674-13F6-B132-09D180277BC9', 'CcU-3631', 'b-2618', '267', '-8.4623632384', '88.7757519872', '2022-02-01 06:30:48',         '221.78', '0');
INSERT INTO transaction (id, credit_card_id, company_id, user_id, lat, longitude, timestamp, amount, declined) VALUES (        '443E9122-55E4-142E-AAF8-C0E7148C38AB', 'CcU-3638', 'b-2618', '267', '-59.012570624', '22.739167744', '2022-01-12 15:55:25',         '176.34', '0');
INSERT INTO transaction (id, credit_card_id, company_id, user_id, lat, longitude, timestamp, amount, declined) VALUES (        '22C9EC22-45FC-72C8-63CE-5FA99A24E770', 'CcU-3645', 'b-2618', '267', '28.443948544', '-11.3959416832', '2021-06-11 16:08:49',         '196.71', '0');
INSERT INTO transaction (id, credit_card_id, company_id, user_id, lat, longitude, timestamp, amount, declined) VALUES (        '3C291BE8-CA7C-39BA-76F8-7CB74937EC98', 'CcU-3652', 'b-2618', '267', '-18.1059252224', '10.8415140864', '2021-06-29 14:31:00',         '468.49', '0');
INSERT INTO transaction (id, credit_card_id, company_id, user_id, lat, longitude, timestamp, amount, declined) VALUES (        '1DE927AB-29A8-654F-3372-43971B6844AA', 'CcU-3659', 'b-2618', '267', '79.946738688', '90.3733082112', '2021-08-05 15:52:25',         '440.13', '0');
INSERT INTO transaction (id, credit_card_id, company_id, user_id, lat, longitude, timestamp, amount, declined) VALUES (        '5E6EC264-1D42-EE1D-870A-497C85828A6A', 'CcU-3666', 'b-2618', '267', '66.9036684288', '33.444680192', '2022-01-31 12:01:11',         '492.42', '0');
INSERT INTO transaction (id, credit_card_id, company_id, user_id, lat, longitude, timestamp, amount, declined) VALUES (        'EC243849-3D95-A5B3-29B4-6F8AA1A5B999', 'CcU-3673', 'b-2618', '267', '-43.1488028672', '-47.00931584', '2021-03-23 02:17:50',         '38.03', '0');
INSERT INTO transaction (id, credit_card_id, company_id, user_id, lat, longitude, timestamp, amount, declined) VALUES (        '833D9E90-4125-CC29-1E8E-647F9F17571A', 'CcU-3680', 'b-2618', '267', '-11.4892433408', '50.0640352256', '2021-05-04 09:33:32',         '295.35', '0');
INSERT INTO transaction (id, credit_card_id, company_id, user_id, lat, longitude, timestamp, amount, declined) VALUES (        '1A9B5411-64D8-DEC4-AC74-43E235AAEFC1', 'CcU-3687', 'b-2618', '267', '44.3314315264', '149.1675122688', '2021-08-22 23:51:51',         '306.96', '0');
INSERT INTO transaction (id, credit_card_id, company_id, user_id, lat, longitude, timestamp, amount, declined) VALUES (        'EAD9435C-77C0-3D84-D9A9-BF535EDABE7A', 'CcU-3694', 'b-2618', '267', '-45.6502659072', '63.6175548416', '2021-05-01 18:41:40',         '113.49', '0');
INSERT INTO transaction (id, credit_card_id, company_id, user_id, lat, longitude, timestamp, amount, declined) VALUES (        '1017AA59-3D5F-7A4C-1992-D151A8D1FA0A', 'CcU-3701', 'b-2618', '267', '4.276451328', '-101.5540074496', '2021-11-01 01:02:11',         '447.11', '0');
INSERT INTO transaction (id, credit_card_id, company_id, user_id, lat, longitude, timestamp, amount, declined) VALUES (        '8719DE73-B4B6-3B52-29CE-15B666A73AF6', 'CcU-3708', 'b-2618', '267', '-57.2433910784', '144.0126513152', '2022-02-06 10:37:01',         '411.7', '0');
INSERT INTO transaction (id, credit_card_id, company_id, user_id, lat, longitude, timestamp, amount, declined) VALUES (        'A143CEC3-5F73-4A92-BBEC-48125E1A9C17', 'CcU-3715', 'b-2618', '267', '39.8874615808', '-145.7331158016', '2021-08-15 15:02:18',         '175.13', '0');
INSERT INTO transaction (id, credit_card_id, company_id, user_id, lat, longitude, timestamp, amount, declined) VALUES (        '1FB125A8-0901-63AC-E2B7-349E5974FBAD', 'CcU-3722', 'b-2618', '267', '-44.4339063808', '-82.0843885568', '2022-02-16 14:33:25',         '415.11', '0');
INSERT INTO transaction (id, credit_card_id, company_id, user_id, lat, longitude, timestamp, amount, declined) VALUES (        'F22BB361-E3CD-BC41-DD6A-A4694F175CD8', 'CcU-3729', 'b-2618', '266', '38.2838494208', '78.8200505344', '2021-08-22 15:01:01',         '385.28', '0');
INSERT INTO transaction (id, credit_card_id, company_id, user_id, lat, longitude, timestamp, amount, declined) VALUES (        'C0B1ABC1-0C03-5C27-977E-A5EC13EED863', 'CcU-3736', 'b-2618', '266', '-3.6879847424', '-5.9640431616', '2021-11-02 06:21:32',         '171.43', '0');
INSERT INTO transaction (id, credit_card_id, company_id, user_id, lat, longitude, timestamp, amount, declined) VALUES (        '0668296C-CDB9-A883-76BC-2E4C44F8C8AE', 'CcU-3743', 'b-2618', '265', '-34.3593055232', '-100.555928064', '2022-01-26 02:07:14',         '394.18', '0');
INSERT INTO transaction (id, credit_card_id, company_id, user_id, lat, longitude, timestamp, amount, declined) VALUES (        '2F74E99B-9337-7F74-5208-5DEC81A174FD', 'CcU-3750', 'b-2618', '265', '75.004233216', '-64.1653274624', '2021-06-04 16:40:30',         '475.06', '0');
INSERT INTO transaction (id, credit_card_id, company_id, user_id, lat, longitude, timestamp, amount, declined) VALUES (        '3DBC2D2E-1885-9D8A-3476-61E6865183AE', 'CcU-3757', 'b-2618', '264', '-56.4905921536', '36.23921408', '2021-12-26 21:07:55',         '143.89', '0');
INSERT INTO transaction (id, credit_card_id, company_id, user_id, lat, longitude, timestamp, amount, declined) VALUES (        'C56D5792-57D2-19E4-A43D-80D362E62879', 'CcU-3764', 'b-2618', '264', '69.8921298944', '-141.3010291712', '2021-09-11 01:08:44',         '325.08', '0');
INSERT INTO transaction (id, credit_card_id, company_id, user_id, lat, longitude, timestamp, amount, declined) VALUES (        '18D648AB-7D54-A3E8-2DBA-2D8D2991CA43', 'CcU-3771', 'b-2618', '263', '-67.1179923456', '-174.1413153792', '2021-11-02 03:08:14',         '305.02', '0');
INSERT INTO transaction (id, credit_card_id, company_id, user_id, lat, longitude, timestamp, amount, declined) VALUES (        '51328349-2536-AB4A-8E97-D2ED2782A7B8', 'CcU-3778', 'b-2618', '263', '-56.0463863808', '94.3282684928', '2021-04-21 11:54:06',         '437.72', '0');
INSERT INTO transaction (id, credit_card_id, company_id, user_id, lat, longitude, timestamp, amount, declined) VALUES (        '2F499B4D-4DC7-B337-010D-8B7471812A80', 'CcU-3785', 'b-2618', '262', '-25.2248092672', '72.273481216', '2021-04-10 15:14:14',         '363.51', '0');
INSERT INTO transaction (id, credit_card_id, company_id, user_id, lat, longitude, timestamp, amount, declined) VALUES (        'CC77BEEC-E348-8BC9-BE81-46F75404E183', 'CcU-3792', 'b-2618', '262', '40.4460454912', '-71.6378425344', '2021-05-16 09:37:38',         '286.85', '0');
INSERT INTO transaction (id, credit_card_id, company_id, user_id, lat, longitude, timestamp, amount, declined) VALUES (        'DC5ABC81-6D3F-E8CF-29A9-CC136D6EADB8', 'CcU-3799', 'b-2618', '261', '-6.9437560832', '-56.6999062528', '2022-03-15 02:15:32',         '101.32', '0');
INSERT INTO transaction (id, credit_card_id, company_id, user_id, lat, longitude, timestamp, amount, declined) VALUES (        '9AB66BAE-D007-3BD8-C34B-93C854E6715C', 'CcU-3806', 'b-2618', '261', '60.200613888', '143.2816917504', '2021-12-03 17:30:24',         '20.93', '0');
INSERT INTO transaction (id, credit_card_id, company_id, user_id, lat, longitude, timestamp, amount, declined) VALUES (        '4236493E-3596-5E19-4768-2195A5D17CC0', 'CcU-3813', 'b-2618', '260', '16.5665385472', '-168.9585488896', '2021-11-06 13:38:07',         '432.21', '0');
INSERT INTO transaction (id, credit_card_id, company_id, user_id, lat, longitude, timestamp, amount, declined) VALUES (        'BEB017E6-42B6-10EA-3295-42CA3DD78302', 'CcU-3820', 'b-2618', '260', '-65.8667557888', '155.437608448', '2021-09-04 00:01:13',         '223.57', '0');
INSERT INTO transaction (id, credit_card_id, company_id, user_id, lat, longitude, timestamp, amount, declined) VALUES (        'DAE50B38-3526-4AAF-71DB-4B45D29EB26A', 'CcU-3827', 'b-2618', '259', '51.7478375424', '114.6447785984', '2021-04-25 12:29:04',         '309.22', '0');
INSERT INTO transaction (id, credit_card_id, company_id, user_id, lat, longitude, timestamp, amount, declined) VALUES (        '8A515ABB-2FED-22CC-CD25-9493530D2EB4', 'CcU-3834', 'b-2618', '259', '-64.4061728768', '67.8772569088', '2021-04-28 07:52:09',         '337.22', '0');
INSERT INTO transaction (id, credit_card_id, company_id, user_id, lat, longitude, timestamp, amount, declined) VALUES (        'C2248CED-C28E-6A93-6AF4-C33CF738471B', 'CcU-3841', 'b-2494', '258', '46.1832904704', '-141.2795270144', '2021-08-27 10:25:34',         '420.06', '0');
INSERT INTO transaction (id, credit_card_id, company_id, user_id, lat, longitude, timestamp, amount, declined) VALUES (        'EAD89828-65AA-E817-F946-E7365972D94E', 'CcU-3848', 'b-2494', '258', '-0.7068877824', '-127.4824225792', '2021-07-06 09:49:29',         '26.96', '0');
INSERT INTO transaction (id, credit_card_id, company_id, user_id, lat, longitude, timestamp, amount, declined) VALUES (        '7E6B501B-AD98-1B8B-E7A2-8659C886DBC4', 'CcU-3855', 'b-2494', '257', '-22.1578309632', '-23.3589864448', '2021-08-10 23:20:28',         '22.16', '0');
INSERT INTO transaction (id, credit_card_id, company_id, user_id, lat, longitude, timestamp, amount, declined) VALUES (        'F2B3E645-2E6D-E891-9D05-33DBACE58DE4', 'CcU-3862', 'b-2494', '257', '-72.963250176', '-164.4166023168', '2021-05-06 08:41:18',         '267.52', '0');
INSERT INTO transaction (id, credit_card_id, company_id, user_id, lat, longitude, timestamp, amount, declined) VALUES (        '72C62199-C17C-9E1F-8AD7-247B81D6D758', 'CcU-3869', 'b-2494', '256', '-19.506752', '57.8700445696', '2021-09-10 12:07:57',         '352.24', '0');
INSERT INTO transaction (id, credit_card_id, company_id, user_id, lat, longitude, timestamp, amount, declined) VALUES (        'B6F30493-40C3-5391-8A92-5217B10C391A', 'CcU-3876', 'b-2494', '256', '-56.0850121728', '-166.3325115392', '2021-05-12 21:04:04',         '233.47', '0');
INSERT INTO transaction (id, credit_card_id, company_id, user_id, lat, longitude, timestamp, amount, declined) VALUES (        '167DE938-B1C2-428D-FA3D-96A45CD41B22', 'CcU-3883', 'b-2494', '255', '67.3865081856', '-63.199345152', '2021-03-29 11:04:24',         '414.36', '0');
INSERT INTO transaction (id, credit_card_id, company_id, user_id, lat, longitude, timestamp, amount, declined) VALUES (        '760EEFBC-3E63-3111-613B-ACC61E1B5136', 'CcU-3890', 'b-2494', '255', '-79.0219220992', '166.2489652224', '2021-07-01 20:17:25',         '121.15', '0');
INSERT INTO transaction (id, credit_card_id, company_id, user_id, lat, longitude, timestamp, amount, declined) VALUES (        '9BC43721-DD11-4539-AA84-D544F911251E', 'CcU-3897', 'b-2494', '254', '-34.8836578304', '81.0348561408', '2021-08-02 17:13:09',         '384.1', '0');
INSERT INTO transaction (id, credit_card_id, company_id, user_id, lat, longitude, timestamp, amount, declined) VALUES (        '9DED76AE-FE36-ACC3-7377-AE98A6D95247', 'CcU-3904', 'b-2494', '254', '70.98758144', '113.6198137856', '2022-02-13 15:13:38',         '408.58', '0');
INSERT INTO transaction (id, credit_card_id, company_id, user_id, lat, longitude, timestamp, amount, declined) VALUES (        '842B6344-B4A2-050D-AA31-9A80432A7E37', 'CcU-3911', 'b-2494', '253', '-29.4618476544', '123.265885696', '2022-01-19 05:25:54',         '202.94', '0');
INSERT INTO transaction (id, credit_card_id, company_id, user_id, lat, longitude, timestamp, amount, declined) VALUES (        'D5E51BD3-4284-8097-8887-4A656C3992A8', 'CcU-3918', 'b-2494', '253', '-44.9373488128', '87.8009819136', '2021-04-16 15:40:50',         '290.47', '0');
INSERT INTO transaction (id, credit_card_id, company_id, user_id, lat, longitude, timestamp, amount, declined) VALUES (        '5BAD8B6D-41B2-E757-6396-88D687C6413A', 'CcU-3925', 'b-2494', '252', '67.1291498496', '-106.537156096', '2022-02-22 19:01:28',         '420.95', '0');
INSERT INTO transaction (id, credit_card_id, company_id, user_id, lat, longitude, timestamp, amount, declined) VALUES (        '89398CE5-8912-EC57-7649-3F5394C7D795', 'CcU-3932', 'b-2494', '252', '86.4237585408', '98.323647488', '2022-01-07 00:55:12',         '415.26', '0');
INSERT INTO transaction (id, credit_card_id, company_id, user_id, lat, longitude, timestamp, amount, declined) VALUES (        '370F6D3D-CB63-7335-8B43-15C876E2843B', 'CcU-3939', 'b-2494', '251', '-14.3864179712', '84.5977765888', '2021-05-03 02:20:08',         '236.19', '0');
INSERT INTO transaction (id, credit_card_id, company_id, user_id, lat, longitude, timestamp, amount, declined) VALUES (        'AFE3C197-0B9C-985B-D146-571CD7BEF7FB', 'CcU-3946', 'b-2494', '251', '42.5804419072', '5.9831937024', '2021-11-07 13:32:50',         '129.5', '0');
INSERT INTO transaction (id, credit_card_id, company_id, user_id, lat, longitude, timestamp, amount, declined) VALUES (        'BCCE274A-5F25-CF12-1566-492ED48D8211', 'CcU-3953', 'b-2494', '250', '4.9121705984', '-146.5951644672', '2021-06-14 20:04:29',         '462.74', '0');
INSERT INTO transaction (id, credit_card_id, company_id, user_id, lat, longitude, timestamp, amount, declined) VALUES (        'FD89D51B-AE8D-77DC-E450-B8083FBD3187', 'CcU-3960', 'b-2494', '250', '8.012168192', '-64.671543808', '2022-03-16 02:35:05',         '200.72', '0');
INSERT INTO transaction (id, credit_card_id, company_id, user_id, lat, longitude, timestamp, amount, declined) VALUES (        'D662DF87-90B7-8C73-CD48-FA68399392C9', 'CcU-3967', 'b-2494', '249', '84.3342129152', '34.4783694848', '2021-09-05 15:32:54',         '152.42', '0');
INSERT INTO transaction (id, credit_card_id, company_id, user_id, lat, longitude, timestamp, amount, declined) VALUES (        '96EA5722-F3D4-FA2A-AC8C-865A5A72DBB5', 'CcU-3974', 'b-2494', '249', '-40.0514497536', '45.1180386304', '2022-02-23 17:34:55',         '412.86', '0');
INSERT INTO transaction (id, credit_card_id, company_id, user_id, lat, longitude, timestamp, amount, declined) VALUES (        'D3C579AE-FA77-6234-9843-6DA39D6E329D', 'CcU-3981', 'b-2494', '248', '75.1068960768', '-19.2164516864', '2021-03-29 23:54:35',         '432.22', '0');
INSERT INTO transaction (id, credit_card_id, company_id, user_id, lat, longitude, timestamp, amount, declined) VALUES (        'B586C7E1-2C13-BFA1-77D2-5DD13CCEA898', 'CcU-3988', 'b-2494', '248', '-12.5372894208', '-131.8916312064', '2021-03-26 15:26:48',         '140.98', '0');
INSERT INTO transaction (id, credit_card_id, company_id, user_id, lat, longitude, timestamp, amount, declined) VALUES (        'E4794E32-196A-C67D-8759-18821CE66CE2', 'CcU-3995', 'b-2494', '247', '9.5001216', '28.035703296', '2021-06-17 06:32:28',         '256.27', '0');
INSERT INTO transaction (id, credit_card_id, company_id, user_id, lat, longitude, timestamp, amount, declined) VALUES (        'D69CE9B1-EA51-56DE-7A5A-496B1F63D112', 'CcU-4002', 'b-2494', '247', '2.1502221312', '174.5023266816', '2021-10-04 07:52:00',         '339.88', '0');
INSERT INTO transaction (id, credit_card_id, company_id, user_id, lat, longitude, timestamp, amount, declined) VALUES (        '86AA189F-711F-E754-96B9-EB84B2305782', 'CcU-4009', 'b-2494', '246', '22.1641204736', '-127.2512366592', '2021-06-13 05:44:34',         '131.02', '0');
INSERT INTO transaction (id, credit_card_id, company_id, user_id, lat, longitude, timestamp, amount, declined) VALUES (        '467CC274-71A7-51F4-B58A-A77AADD25833', 'CcU-4016', 'b-2494', '246', '-2.3744678912', '-28.7266646016', '2021-06-23 14:51:00',         '339.62', '0');
INSERT INTO transaction (id, credit_card_id, company_id, user_id, lat, longitude, timestamp, amount, declined) VALUES (        'B8B813FE-E89E-C046-17CB-94E9DEE597C1', 'CcU-4023', 'b-2494', '245', '-47.023819776', '-3.2158969856', '2021-03-17 16:23:23',         '479.0', '0');
INSERT INTO transaction (id, credit_card_id, company_id, user_id, lat, longitude, timestamp, amount, declined) VALUES (        '6964B59E-5B14-4E8E-88B6-D3D9A52E1418', 'CcU-4030', 'b-2494', '245', '62.5660785664', '-24.1795437568', '2021-03-26 02:09:01',         '327.56', '0');
INSERT INTO transaction (id, credit_card_id, company_id, user_id, lat, longitude, timestamp, amount, declined) VALUES (        '693EED6A-CD1A-BC0B-B2C6-3DEE6A90290B', 'CcU-4037', 'b-2494', '244', '54.5161875456', '3.5203513344', '2022-02-26 14:00:57',         '486.54', '0');
INSERT INTO transaction (id, credit_card_id, company_id, user_id, lat, longitude, timestamp, amount, declined) VALUES (        'E38DC6C5-1EE2-602D-2EA2-D2F39C771CDE', 'CcU-4044', 'b-2494', '244', '87.6079351808', '111.9427310592', '2021-12-19 21:22:36',         '264.41', '0');
INSERT INTO transaction (id, credit_card_id, company_id, user_id, lat, longitude, timestamp, amount, declined) VALUES (        '4B517EB7-E52D-6A40-B47D-398B745EE183', 'CcU-4051', 'b-2494', '243', '-0.332823552', '-95.5848506368', '2021-08-07 00:44:55',         '451.94', '0');
INSERT INTO transaction (id, credit_card_id, company_id, user_id, lat, longitude, timestamp, amount, declined) VALUES (        'DD3945B9-8D77-14B9-C237-5B41A62ABDAC', 'CcU-4058', 'b-2494', '243', '-67.753375232', '133.4968464384', '2021-10-19 01:31:37',         '63.77', '0');
INSERT INTO transaction (id, credit_card_id, company_id, user_id, lat, longitude, timestamp, amount, declined) VALUES (        'A1AACB02-187B-2BD6-6181-B215A93B1B39', 'CcU-4065', 'b-2494', '242', '-14.041371136', '179.950016512', '2021-04-21 09:37:50',         '277.38', '0');
INSERT INTO transaction (id, credit_card_id, company_id, user_id, lat, longitude, timestamp, amount, declined) VALUES (        '6A888487-255B-B546-907E-AC033DA2B841', 'CcU-4072', 'b-2494', '242', '-14.415736832', '97.4859517952', '2021-08-16 23:43:15',         '440.09', '0');
INSERT INTO transaction (id, credit_card_id, company_id, user_id, lat, longitude, timestamp, amount, declined) VALUES (        'D5DA371A-BD48-CFD9-37FC-A5CA45B97B5D', 'CcU-4079', 'b-2494', '241', '-12.4447255552', '-139.669759488', '2021-08-15 07:25:13',         '37.8', '0');
INSERT INTO transaction (id, credit_card_id, company_id, user_id, lat, longitude, timestamp, amount, declined) VALUES (        'B4E1213B-8B35-9D9A-DD7D-93EBC7BCD7FF', 'CcU-4086', 'b-2494', '241', '69.319622656', '86.2164658176', '2021-10-07 19:16:47',         '492.25', '0');
INSERT INTO transaction (id, credit_card_id, company_id, user_id, lat, longitude, timestamp, amount, declined) VALUES (        'EE2D8157-D63E-6A91-A363-9CF68B530AD3', 'CcU-4093', 'b-2494', '240', '65.377804288', '-12.2041329664', '2021-04-26 11:11:06',         '293.94', '0');
INSERT INTO transaction (id, credit_card_id, company_id, user_id, lat, longitude, timestamp, amount, declined) VALUES (        'C367DD1C-B8F0-5870-E9CF-9ED298A60A6E', 'CcU-4100', 'b-2494', '240', '-6.6221838336', '-29.677702144', '2021-10-01 08:28:12',         '219.7', '0');
INSERT INTO transaction (id, credit_card_id, company_id, user_id, lat, longitude, timestamp, amount, declined) VALUES (        '3A4D2D8C-AC59-C2D2-2C36-EAAD62B32B26', 'CcU-4107', 'b-2494', '239', '-12.5159072768', '152.3139342336', '2021-04-29 19:14:04',         '307.79', '0');
INSERT INTO transaction (id, credit_card_id, company_id, user_id, lat, longitude, timestamp, amount, declined) VALUES (        'C1A3EAD1-4BB7-343E-9542-DCB248FA39CE', 'CcU-4114', 'b-2494', '239', '70.707437056', '-160.9202233344', '2022-02-28 08:09:21',         '410.49', '0');
INSERT INTO transaction (id, credit_card_id, company_id, user_id, lat, longitude, timestamp, amount, declined) VALUES (        '663844BA-35BA-11C6-FDCD-598E898EEBE8', 'CcU-4121', 'b-2494', '238', '21.9626454016', '160.7323570176', '2021-07-30 08:36:52',         '143.24', '0');
INSERT INTO transaction (id, credit_card_id, company_id, user_id, lat, longitude, timestamp, amount, declined) VALUES (        'F4BCAE41-3B8E-EA8D-9C24-466F7CEB9F9A', 'CcU-4128', 'b-2494', '238', '-78.8221324288', '87.0485080064', '2021-05-05 00:06:42',         '182.01', '0');
INSERT INTO transaction (id, credit_card_id, company_id, user_id, lat, longitude, timestamp, amount, declined) VALUES (        'ABCD2C8D-21D8-2EBB-5A47-E0D7E7A5D64E', 'CcU-4135', 'b-2494', '237', '-24.693876736', '170.3354256384', '2021-12-24 16:06:12',         '384.03', '0');
INSERT INTO transaction (id, credit_card_id, company_id, user_id, lat, longitude, timestamp, amount, declined) VALUES (        '5640D665-31C1-9BE7-A745-AAAED5D53F72', 'CcU-4142', 'b-2494', '237', '-67.6170359808', '-100.1424464896', '2021-09-03 11:59:55',         '485.05', '0');
INSERT INTO transaction (id, credit_card_id, company_id, user_id, lat, longitude, timestamp, amount, declined) VALUES (        'A31B0B35-6658-6805-353E-88479B3E4FD7', 'CcU-4149', 'b-2494', '236', '19.22207744', '151.1219766272', '2021-12-18 01:59:18',         '292.62', '0');
INSERT INTO transaction (id, credit_card_id, company_id, user_id, lat, longitude, timestamp, amount, declined) VALUES (        '9E97F534-962D-5B43-9AAA-24533FB7EDBD', 'CcU-4156', 'b-2494', '236', '5.8776849408', '7.5937800192', '2021-10-07 23:09:32',         '126.77', '0');
INSERT INTO transaction (id, credit_card_id, company_id, user_id, lat, longitude, timestamp, amount, declined) VALUES (        '1575F87A-E37B-DADD-554C-A99D8E7162A6', 'CcU-4163', 'b-2494', '235', '64.5744575488', '-79.6300177408', '2022-01-14 00:43:18',         '37.55', '0');
INSERT INTO transaction (id, credit_card_id, company_id, user_id, lat, longitude, timestamp, amount, declined) VALUES (        'CEBC8755-77B1-722D-A899-E86B58B837BC', 'CcU-4170', 'b-2494', '235', '65.8541590528', '84.8687045632', '2021-07-26 09:49:37',         '257.36', '0');
INSERT INTO transaction (id, credit_card_id, company_id, user_id, lat, longitude, timestamp, amount, declined) VALUES (        'E2CCE289-2008-C783-997D-88991918CB38', 'CcU-4177', 'b-2494', '234', '-85.9752833024', '-172.8164117504', '2021-10-26 20:15:08',         '463.0', '0');
INSERT INTO transaction (id, credit_card_id, company_id, user_id, lat, longitude, timestamp, amount, declined) VALUES (        '3B2D4464-1E9E-D3AE-D837-6E14C69B7BC8', 'CcU-4184', 'b-2494', '234', '2.1340623872', '163.50160128', '2022-02-08 02:37:52',         '427.96', '0');
INSERT INTO transaction (id, credit_card_id, company_id, user_id, lat, longitude, timestamp, amount, declined) VALUES (        'A92944E6-9C59-141E-3F91-66B3C9EDCC31', 'CcU-4191', 'b-2302', '233', '-74.5228304384', '137.987551744', '2021-11-30 04:01:22',         '95.69', '0');
INSERT INTO transaction (id, credit_card_id, company_id, user_id, lat, longitude, timestamp, amount, declined) VALUES (        '5CB0C889-D096-D327-ADE7-D111E1E6E2BC', 'CcU-4198', 'b-2302', '233', '-58.1208118272', '137.5055772672', '2021-04-17 12:27:01',         '304.63', '0');
INSERT INTO transaction (id, credit_card_id, company_id, user_id, lat, longitude, timestamp, amount, declined) VALUES (        'BD440E6D-FC5B-A13F-251E-B745CEB24F04', 'CcU-4205', 'b-2302', '232', '13.4323605504', '107.4682507264', '2021-10-29 17:05:27',         '54.45', '0');
INSERT INTO transaction (id, credit_card_id, company_id, user_id, lat, longitude, timestamp, amount, declined) VALUES (        'B62D17A8-456A-A5B2-88DB-25314036778E', 'CcU-4212', 'b-2302', '232', '-34.586118144', '-36.1162278912', '2021-05-12 23:22:59',         '421.0', '0');
INSERT INTO transaction (id, credit_card_id, company_id, user_id, lat, longitude, timestamp, amount, declined) VALUES (        '87076D11-12E5-5E88-342E-BEDBF6EB1DED', 'CcU-4219', 'b-2302', '231', '-0.0344537088', '123.9923753984', '2021-10-18 06:36:35',         '109.19', '0');
INSERT INTO transaction (id, credit_card_id, company_id, user_id, lat, longitude, timestamp, amount, declined) VALUES (        '1B521826-5860-5A86-5364-6EB6A5CC21B7', 'CcU-4226', 'b-2302', '231', '-53.4613055488', '49.1483810816', '2021-08-14 02:39:50',         '476.33', '0');
INSERT INTO transaction (id, credit_card_id, company_id, user_id, lat, longitude, timestamp, amount, declined) VALUES (        '5B60F39F-96CC-8C8D-EA01-E658063A8181', 'CcU-4233', 'b-2302', '230', '-85.003482624', '-65.4374904832', '2022-02-28 05:55:03',         '67.65', '0');
INSERT INTO transaction (id, credit_card_id, company_id, user_id, lat, longitude, timestamp, amount, declined) VALUES (        '9C4B45E7-C159-18E5-DB43-9D6F897775D4', 'CcU-4240', 'b-2302', '230', '-4.9545081856', '6.0161166336', '2021-12-21 08:02:37',         '183.11', '0');
INSERT INTO transaction (id, credit_card_id, company_id, user_id, lat, longitude, timestamp, amount, declined) VALUES (        '2075B12D-69AB-7022-57BB-33ED49B72766', 'CcU-4247', 'b-2302', '229', '-9.0368222208', '88.9004780544', '2022-02-13 04:07:29',         '87.44', '0');
INSERT INTO transaction (id, credit_card_id, company_id, user_id, lat, longitude, timestamp, amount, declined) VALUES (        'D39499A3-A9B6-36B9-2B8D-25AF340EDEEB', 'CcU-4254', 'b-2302', '229', '58.36253184', '-138.1020307456', '2021-11-15 12:02:01',         '393.51', '0');
INSERT INTO transaction (id, credit_card_id, company_id, user_id, lat, longitude, timestamp, amount, declined) VALUES (        '7EB174C8-192F-1A8D-2F7A-EF688EB5B597', 'CcU-4261', 'b-2302', '228', '34.2543087616', '-144.1966852096', '2021-08-04 20:30:27',         '144.75', '0');
INSERT INTO transaction (id, credit_card_id, company_id, user_id, lat, longitude, timestamp, amount, declined) VALUES (        'A8E203DA-9A20-2DA7-29E3-D8559BBECC95', 'CcU-4268', 'b-2302', '228', '2.199264768', '75.1688940544', '2022-01-25 14:16:47',         '355.63', '0');
INSERT INTO transaction (id, credit_card_id, company_id, user_id, lat, longitude, timestamp, amount, declined) VALUES (        'E73908A2-5945-D5E9-AEC7-2C460A488864', 'CcU-4275', 'b-2302', '227', '46.574198272', '-116.5175906304', '2021-04-10 15:09:40',         '63.08', '0');
INSERT INTO transaction (id, credit_card_id, company_id, user_id, lat, longitude, timestamp, amount, declined) VALUES (        '3E495EC1-E1C5-26F1-0E3E-2D13EAA2593A', 'CcU-4282', 'b-2302', '227', '-50.5725360128', '-172.5083481088', '2022-03-03 14:29:15',         '417.7', '0');
INSERT INTO transaction (id, credit_card_id, company_id, user_id, lat, longitude, timestamp, amount, declined) VALUES (        'E2DEC4AA-E02F-8829-DE30-795881675C52', 'CcU-4289', 'b-2302', '226', '-10.0373346304', '-174.3965664256', '2021-05-07 02:06:40',         '51.01', '0');
INSERT INTO transaction (id, credit_card_id, company_id, user_id, lat, longitude, timestamp, amount, declined) VALUES (        'E3911BE6-151C-5FD7-C730-7F69B7841C7B', 'CcU-4296', 'b-2302', '226', '25.71512832', '-48.2123001856', '2021-06-10 14:44:49',         '153.33', '0');
INSERT INTO transaction (id, credit_card_id, company_id, user_id, lat, longitude, timestamp, amount, declined) VALUES (        'C9F594B6-A163-7553-D216-DEAC68EAB680', 'CcU-4303', 'b-2302', '225', '36.1253275648', '91.7643006976', '2021-08-01 00:18:03',         '300.77', '0');
INSERT INTO transaction (id, credit_card_id, company_id, user_id, lat, longitude, timestamp, amount, declined) VALUES (        '186F53DE-DE27-B1FE-B82F-15B61CEB7726', 'CcU-4310', 'b-2302', '225', '-72.7447825408', '36.6211337216', '2021-12-20 13:13:45',         '238.16', '0');
INSERT INTO transaction (id, credit_card_id, company_id, user_id, lat, longitude, timestamp, amount, declined) VALUES (        'E2C94327-62EE-9EF1-4D62-B861858AC425', 'CcU-4317', 'b-2302', '224', '40.8484386816', '112.7596781568', '2021-03-17 02:55:49',         '36.83', '0');
INSERT INTO transaction (id, credit_card_id, company_id, user_id, lat, longitude, timestamp, amount, declined) VALUES (        'EAE19DC1-C847-6D79-673D-00E7696AC336', 'CcU-4324', 'b-2302', '224', '6.396744192', '-6.7752971264', '2021-04-15 02:55:22',         '69.98', '0');
INSERT INTO transaction (id, credit_card_id, company_id, user_id, lat, longitude, timestamp, amount, declined) VALUES (        'FD9CBCCD-8E1E-8DA1-4606-7E3A6F3A5A65', 'CcU-4331', 'b-2302', '223', '-77.8604531712', '-172.3457293312', '2021-06-13 11:41:17',         '42.32', '0');
INSERT INTO transaction (id, credit_card_id, company_id, user_id, lat, longitude, timestamp, amount, declined) VALUES (        '263035AA-8758-E413-8CC4-6D8F81BBF899', 'CcU-4338', 'b-2302', '223', '36.6100421632', '83.19525888', '2021-06-21 11:23:01',         '499.23', '0');
INSERT INTO transaction (id, credit_card_id, company_id, user_id, lat, longitude, timestamp, amount, declined) VALUES (        '1753A288-9FC1-52E6-5C39-A1FFB97B0D3A', 'CcU-4345', 'b-2302', '222', '57.9421920256', '-114.72918272', '2021-08-17 05:32:08',         '497.84', '0');
INSERT INTO transaction (id, credit_card_id, company_id, user_id, lat, longitude, timestamp, amount, declined) VALUES (        '59BC588F-9D74-8B8A-A11D-D604A8C086F2', 'CcU-4352', 'b-2302', '222', '61.4686811136', '-29.7213831168', '2021-03-25 21:48:18',         '89.22', '0');
INSERT INTO transaction (id, credit_card_id, company_id, user_id, lat, longitude, timestamp, amount, declined) VALUES (        '0A476ED9-0C13-1962-F87B-D3563924B539', 'CcU-4359', 'b-2302', '221', '-56.490077696', '114.8012315648', '2022-02-26 20:33:54',         '430.49', '0');
INSERT INTO transaction (id, credit_card_id, company_id, user_id, lat, longitude, timestamp, amount, declined) VALUES (        '122DC333-E19F-D629-DCD8-9C54CF1EBB9A', 'CcU-4366', 'b-2302', '221', '29.6372365312', '-166.1728714752', '2021-06-09 06:04:14',         '172.01', '0');
INSERT INTO transaction (id, credit_card_id, company_id, user_id, lat, longitude, timestamp, amount, declined) VALUES (        '66179D5C-9B8D-5E13-9249-BDC1A35406FC', 'CcU-4373', 'b-2302', '220', '-7.4683462656', '108.336211456', '2021-09-27 12:50:55',         '433.66', '0');
INSERT INTO transaction (id, credit_card_id, company_id, user_id, lat, longitude, timestamp, amount, declined) VALUES (        'A9225721-1D92-9A16-A4B4-751134C5E702', 'CcU-4380', 'b-2302', '220', '86.4803894272', '59.8234584064', '2021-12-12 16:40:06',         '390.1', '0');
INSERT INTO transaction (id, credit_card_id, company_id, user_id, lat, longitude, timestamp, amount, declined) VALUES (        'A14C4361-9AC9-A3E7-7B1B-73BA6A3D23D7', 'CcU-4387', 'b-2302', '219', '35.2215217152', '-66.9265099776', '2021-04-11 11:51:48',         '125.91', '0');
INSERT INTO transaction (id, credit_card_id, company_id, user_id, lat, longitude, timestamp, amount, declined) VALUES (        'B98FC9AE-1B20-44D3-2C59-EC4D2FE9AE17', 'CcU-4394', 'b-2302', '219', '-24.9155170304', '-107.6747167744', '2021-10-20 15:40:05',         '328.64', '0');
INSERT INTO transaction (id, credit_card_id, company_id, user_id, lat, longitude, timestamp, amount, declined) VALUES (        'D271975D-77F6-485C-4E2D-C43DA27AB787', 'CcU-4401', 'b-2302', '218', '71.20233984', '164.4390736896', '2021-11-13 12:53:22',         '132.09', '0');
INSERT INTO transaction (id, credit_card_id, company_id, user_id, lat, longitude, timestamp, amount, declined) VALUES (        'E658A8A9-3C3A-3D50-6F5C-2BA9F41DB491', 'CcU-4408', 'b-2302', '218', '55.016610304', '60.2907613184', '2021-10-29 10:26:07',         '273.84', '0');
INSERT INTO transaction (id, credit_card_id, company_id, user_id, lat, longitude, timestamp, amount, declined) VALUES (        '1C3B3CC4-B919-7616-6A57-EEBDD7B7B68B', 'CcU-4415', 'b-2302', '217', '81.1736996864', '62.8834658304', '2021-09-27 16:07:34',         '462.35', '0');
INSERT INTO transaction (id, credit_card_id, company_id, user_id, lat, longitude, timestamp, amount, declined) VALUES (        '65F73281-0AC6-CE48-6667-1C8E66159728', 'CcU-4422', 'b-2302', '217', '-12.119653888', '-5.9288523776', '2021-12-05 04:46:31',         '329.72', '0');
INSERT INTO transaction (id, credit_card_id, company_id, user_id, lat, longitude, timestamp, amount, declined) VALUES (        '802BBC0F-2B3E-0F18-258E-D687B9DDB776', 'CcU-4429', 'b-2302', '216', '-54.5770277888', '111.7113673728', '2021-05-18 19:05:30',         '245.96', '0');
INSERT INTO transaction (id, credit_card_id, company_id, user_id, lat, longitude, timestamp, amount, declined) VALUES (        '442713DA-4BE6-132A-51B8-AC44EA6D5839', 'CcU-4436', 'b-2302', '216', '-22.3293553664', '-22.018409472', '2022-01-29 17:12:59',         '59.67', '0');
INSERT INTO transaction (id, credit_card_id, company_id, user_id, lat, longitude, timestamp, amount, declined) VALUES (        '65A7C3AC-FFFC-3495-95B1-52C38507E523', 'CcU-4443', 'b-2302', '215', '-78.239800832', '-9.2237047808', '2021-12-08 15:29:30',         '387.27', '0');
INSERT INTO transaction (id, credit_card_id, company_id, user_id, lat, longitude, timestamp, amount, declined) VALUES (        '2585891B-C4C7-075E-358B-B575339E5177', 'CcU-4450', 'b-2302', '215', '32.9171156992', '-40.6058676224', '2021-08-24 05:32:36',         '253.49', '0');
INSERT INTO transaction (id, credit_card_id, company_id, user_id, lat, longitude, timestamp, amount, declined) VALUES (        'EB142E61-B4EC-3423-4FE9-6FB2151A3DB5', 'CcU-4457', 'b-2302', '214', '-63.1013291008', '-91.9647295488', '2022-02-10 13:44:35',         '54.35', '0');
INSERT INTO transaction (id, credit_card_id, company_id, user_id, lat, longitude, timestamp, amount, declined) VALUES (        'E69C6E04-0063-3E7C-0676-D1AFC1536B5C', 'CcU-4464', 'b-2302', '214', '-47.0837728256', '-105.7000973312', '2021-05-29 18:27:44',         '203.6', '0');
INSERT INTO transaction (id, credit_card_id, company_id, user_id, lat, longitude, timestamp, amount, declined) VALUES (        '5BA81852-2D60-169A-805B-E1FA120E9683', 'CcU-4471', 'b-2302', '213', '7.302035456', '72.5522111488', '2022-03-13 13:37:34',         '164.32', '0');
INSERT INTO transaction (id, credit_card_id, company_id, user_id, lat, longitude, timestamp, amount, declined) VALUES (        '5E948202-34BC-F107-29DC-306A2C491A87', 'CcU-4478', 'b-2302', '213', '78.9251759104', '-137.821539328', '2021-09-11 14:27:14',         '133.8', '0');
INSERT INTO transaction (id, credit_card_id, company_id, user_id, lat, longitude, timestamp, amount, declined) VALUES (        '7DDED3A7-4845-57C5-8152-30D7376C10DF', 'CcU-4485', 'b-2302', '212', '83.6028908544', '50.051319808', '2022-01-08 12:33:45',         '71.47', '0');
INSERT INTO transaction (id, credit_card_id, company_id, user_id, lat, longitude, timestamp, amount, declined) VALUES (        '33525F74-4864-C19F-7D23-A8D78668B7C4', 'CcU-4492', 'b-2302', '212', '10.310537216', '13.9999141888', '2021-12-15 12:22:03',         '423.71', '0');
INSERT INTO transaction (id, credit_card_id, company_id, user_id, lat, longitude, timestamp, amount, declined) VALUES (        'B03C0BC7-28F4-D474-8928-523B19A93E7C', 'CcU-4499', 'b-2302', '211', '89.0823192576', '-97.6282752', '2021-06-28 08:39:34',         '397.29', '0');
INSERT INTO transaction (id, credit_card_id, company_id, user_id, lat, longitude, timestamp, amount, declined) VALUES (        '9D4AB77C-9F51-FD95-EAB4-A37163E6D3E2', 'CcU-4506', 'b-2302', '211', '-89.1289788416', '-103.2163822592', '2021-04-29 02:25:49',         '111.51', '0');
INSERT INTO transaction (id, credit_card_id, company_id, user_id, lat, longitude, timestamp, amount, declined) VALUES (        'A82B7A4A-9176-A612-248B-6BD8D384766D', 'CcU-4513', 'b-2302', '210', '-54.0966578176', '-44.9177142272', '2021-09-30 01:39:45',         '436.59', '0');
INSERT INTO transaction (id, credit_card_id, company_id, user_id, lat, longitude, timestamp, amount, declined) VALUES (        '135267BA-2E7D-957C-C42C-6450A2B3ED54', 'CcU-4520', 'b-2302', '210', '20.672424448', '14.9732265984', '2021-12-29 20:38:23',         '17.97', '0');
INSERT INTO transaction (id, credit_card_id, company_id, user_id, lat, longitude, timestamp, amount, declined) VALUES (        '162C7E78-2B6B-7971-A1E4-D2124E732451', 'CcU-4527', 'b-2302', '210', '-69.138142208', '58.001686016', '2021-04-11 05:59:18',         '231.26', '0');
INSERT INTO transaction (id, credit_card_id, company_id, user_id, lat, longitude, timestamp, amount, declined) VALUES (        'C0343DE8-E34C-4532-BE22-2F2E6BD34D73', 'CcU-4534', 'b-2302', '210', '-36.7257500672', '74.4537163776', '2021-08-04 12:56:22',         '253.23', '0');
INSERT INTO transaction (id, credit_card_id, company_id, user_id, lat, longitude, timestamp, amount, declined) VALUES (        '5AB20418-79A8-DF6C-D446-BCF5A48CDEDB', 'CcU-4541', 'b-2302', '210', '65.1785832448', '-151.4541513728', '2021-08-31 05:44:29',         '474.7', '0');
INSERT INTO transaction (id, credit_card_id, company_id, user_id, lat, longitude, timestamp, amount, declined) VALUES (        'D52157FC-58FC-68E6-91D4-CCB11178F8AC', 'CcU-4548', 'b-2302', '210', '14.8365075456', '71.2127867904', '2022-01-19 02:45:09',         '116.94', '0');
INSERT INTO transaction (id, credit_card_id, company_id, user_id, lat, longitude, timestamp, amount, declined) VALUES (        '43CDD853-0EC5-439D-8A4E-0D811A4A83BD', 'CcU-4555', 'b-2278', '210', '-56.7251364864', '2.8682094592', '2021-12-05 22:40:24',         '58.28', '0');
INSERT INTO transaction (id, credit_card_id, company_id, user_id, lat, longitude, timestamp, amount, declined) VALUES (        '1EA2B262-D507-AD14-4374-4D532967113F', 'CcU-4562', 'b-2278', '210', '-45.6339976192', '175.5616202752', '2021-08-04 11:21:27',         '274.15', '0');
INSERT INTO transaction (id, credit_card_id, company_id, user_id, lat, longitude, timestamp, amount, declined) VALUES (        'A095D2D2-BE1A-6673-3369-5951992C967B', 'CcU-4569', 'b-2278', '210', '75.4757128192', '-160.2197127168', '2022-02-05 10:06:54',         '37.99', '0');
INSERT INTO transaction (id, credit_card_id, company_id, user_id, lat, longitude, timestamp, amount, declined) VALUES (        'FAC76A80-8448-69AA-E892-426C2F12621C', 'CcU-4576', 'b-2278', '210', '-70.6475616256', '178.5941755904', '2021-05-30 21:10:55',         '304.95', '0');
INSERT INTO transaction (id, credit_card_id, company_id, user_id, lat, longitude, timestamp, amount, declined) VALUES (        '85362E53-765A-FFD1-585C-18DA6D644B38', 'CcU-4583', 'b-2278', '210', '8.988906496', '-78.7205070848', '2021-05-29 21:47:10',         '409.04', '0');
INSERT INTO transaction (id, credit_card_id, company_id, user_id, lat, longitude, timestamp, amount, declined) VALUES (        '75DB5267-8C65-77D2-26BA-F5F3BD39C874', 'CcU-4590', 'b-2278', '210', '-57.9268975616', '-143.8641864704', '2021-07-22 18:38:39',         '237.34', '0');
INSERT INTO transaction (id, credit_card_id, company_id, user_id, lat, longitude, timestamp, amount, declined) VALUES (        'E18C0E42-B95F-11EC-4A78-4EECBF79E8B6', 'CcU-4597', 'b-2278', '210', '30.5604591616', '-37.0456906752', '2022-01-18 05:53:05',         '238.78', '0');
INSERT INTO transaction (id, credit_card_id, company_id, user_id, lat, longitude, timestamp, amount, declined) VALUES (        'A89CF3B1-ABAB-63E4-220B-3549EB570544', 'CcU-4604', 'b-2278', '210', '85.0343559168', '-15.5086221312', '2021-04-15 22:27:02',         '252.96', '0');
INSERT INTO transaction (id, credit_card_id, company_id, user_id, lat, longitude, timestamp, amount, declined) VALUES (        '69775872-8509-62C6-FCBC-ECFB6D7D847F', 'CcU-4611', 'b-2278', '210', '53.4861713408', '161.9745810432', '2021-06-23 23:30:01',         '352.85', '0');
INSERT INTO transaction (id, credit_card_id, company_id, user_id, lat, longitude, timestamp, amount, declined) VALUES (        '649EF79F-4A7E-BCE8-07EF-243030BE5787', 'CcU-4618', 'b-2278', '210', '-87.8011629568', '18.2674522112', '2021-04-18 08:58:58',         '89.18', '0');
INSERT INTO transaction (id, credit_card_id, company_id, user_id, lat, longitude, timestamp, amount, declined) VALUES (        'D1573887-B075-C061-BEE5-FDEB8AC7B74F', 'CcU-4625', 'b-2278', '210', '10.3428340736', '62.4797922304', '2021-10-12 06:03:17',         '93.78', '0');
INSERT INTO transaction (id, credit_card_id, company_id, user_id, lat, longitude, timestamp, amount, declined) VALUES (        '1BC3AC28-04FB-7015-D93A-422C9A68528D', 'CcU-4632', 'b-2278', '210', '-39.9209819136', '-149.1246845952', '2021-03-21 16:22:42',         '208.47', '0');
INSERT INTO transaction (id, credit_card_id, company_id, user_id, lat, longitude, timestamp, amount, declined) VALUES (        'BEC27123-5319-528A-52CB-33933AEC1724', 'CcU-4639', 'b-2278', '210', '1.9701321728', '16.1399936', '2021-12-13 04:20:21',         '368.86', '0');
INSERT INTO transaction (id, credit_card_id, company_id, user_id, lat, longitude, timestamp, amount, declined) VALUES (        '4A0149B2-B1A1-D766-49A1-86BA9517EA07', 'CcU-4646', 'b-2278', '210', '33.8914860032', '139.210804224', '2021-07-01 04:29:16',         '47.53', '0');
INSERT INTO transaction (id, credit_card_id, company_id, user_id, lat, longitude, timestamp, amount, declined) VALUES (        '3E18E43B-892B-F520-6B38-3A177E27BD19', 'CcU-4653', 'b-2278', '210', '-45.8382992384', '-26.5504492544', '2021-06-21 18:58:40',         '267.84', '0');
INSERT INTO transaction (id, credit_card_id, company_id, user_id, lat, longitude, timestamp, amount, declined) VALUES (        '70152729-0350-F99C-D057-EF42857AA849', 'CcU-4660', 'b-2278', '210', '52.4175223808', '42.5419045888', '2021-04-03 02:46:06',         '163.79', '0');
INSERT INTO transaction (id, credit_card_id, company_id, user_id, lat, longitude, timestamp, amount, declined) VALUES (        '6434A591-C914-3A5A-A9B5-689653768EC8', 'CcU-4667', 'b-2278', '209', '58.572697088', '-113.8540914688', '2021-05-24 15:58:22',         '125.08', '0');
INSERT INTO transaction (id, credit_card_id, company_id, user_id, lat, longitude, timestamp, amount, declined) VALUES (        '1A6CECFB-2E3A-65A3-72D9-2FDB58A1E4BA', 'CcU-4674', 'b-2278', '209', '-55.9322806272', '60.4475373568', '2021-07-03 08:35:06',         '200.04', '0');
INSERT INTO transaction (id, credit_card_id, company_id, user_id, lat, longitude, timestamp, amount, declined) VALUES (        'EA06C211-5A86-C9A8-7CA3-C84D266D4B62', 'CcU-4681', 'b-2278', '208', '-26.0517435392', '33.9876397056', '2021-04-22 22:14:32',         '478.87', '0');
INSERT INTO transaction (id, credit_card_id, company_id, user_id, lat, longitude, timestamp, amount, declined) VALUES (        'E4F6CCEB-CBC0-67F9-D8FA-84417070C642', 'CcU-4688', 'b-2278', '208', '34.0577770496', '-129.3839244288', '2021-07-08 03:47:20',         '350.28', '0');
INSERT INTO transaction (id, credit_card_id, company_id, user_id, lat, longitude, timestamp, amount, declined) VALUES (        '756BC84B-7652-561D-07A6-E6A5612825D3', 'CcU-4695', 'b-2278', '207', '65.2379388928', '41.6176866304', '2021-04-06 17:06:22',         '183.6', '0');
INSERT INTO transaction (id, credit_card_id, company_id, user_id, lat, longitude, timestamp, amount, declined) VALUES (        'B7626077-B74D-45A8-E3EB-EF331AA53ED8', 'CcU-4702', 'b-2278', '207', '56.7575719936', '-29.4415505408', '2021-11-23 02:16:57',         '400.52', '0');
INSERT INTO transaction (id, credit_card_id, company_id, user_id, lat, longitude, timestamp, amount, declined) VALUES (        'CA515AD3-5A34-6966-073E-1D231CE56678', 'CcU-4709', 'b-2278', '206', '80.0508132352', '-167.602161664', '2022-03-15 16:24:37',         '25.78', '0');
INSERT INTO transaction (id, credit_card_id, company_id, user_id, lat, longitude, timestamp, amount, declined) VALUES (        '1ED7A10C-3D78-18C5-483D-8FFE72CB8D58', 'CcU-4716', 'b-2278', '206', '37.5167505408', '178.9231364096', '2022-02-13 12:02:43',         '432.55', '0');
INSERT INTO transaction (id, credit_card_id, company_id, user_id, lat, longitude, timestamp, amount, declined) VALUES (        'AA1C1C48-FF62-DE8E-AF15-B183B5BD166D', 'CcU-4723', 'b-2278', '205', '66.2813668352', '-144.300432384', '2021-06-30 21:25:10',         '458.68', '0');
INSERT INTO transaction (id, credit_card_id, company_id, user_id, lat, longitude, timestamp, amount, declined) VALUES (        'F55B3CE1-3379-E0BF-5AB9-6F4CC2C5479C', 'CcU-4730', 'b-2278', '205', '-7.87636992', '-110.4244130816', '2021-04-13 18:19:18',         '227.05', '0');
INSERT INTO transaction (id, credit_card_id, company_id, user_id, lat, longitude, timestamp, amount, declined) VALUES (        '6D891688-E9DE-C3CC-6AE0-B171C08A37D7', 'CcU-4737', 'b-2278', '204', '44.8151845888', '-68.0799684608', '2021-11-03 03:53:22',         '384.48', '0');
INSERT INTO transaction (id, credit_card_id, company_id, user_id, lat, longitude, timestamp, amount, declined) VALUES (        'B0597154-5E41-5A87-4B0E-A8E57353C5E8', 'CcU-4744', 'b-2278', '204', '80.5111172096', '-14.0077060096', '2021-10-21 13:37:52',         '320.52', '0');
INSERT INTO transaction (id, credit_card_id, company_id, user_id, lat, longitude, timestamp, amount, declined) VALUES (        '5458A436-88C5-7CBD-CEB6-8A4545B12CCA', 'CcU-4751', 'b-2278', '203', '48.1912762368', '-146.1472749568', '2022-02-06 11:16:46',         '273.05', '0');
INSERT INTO transaction (id, credit_card_id, company_id, user_id, lat, longitude, timestamp, amount, declined) VALUES (        'BF10E3BA-63C3-FAC2-BAE8-D82186EC7A9A', 'CcU-4758', 'b-2278', '203', '54.7725978624', '-147.2525985792', '2021-03-30 17:21:34',         '283.97', '0');
INSERT INTO transaction (id, credit_card_id, company_id, user_id, lat, longitude, timestamp, amount, declined) VALUES (        '59C85B8E-4CE0-B66B-4B5D-3A557324E6A9', 'CcU-4765', 'b-2278', '202', '-21.4987478016', '148.8845569024', '2021-05-03 17:38:54',         '30.15', '0');
INSERT INTO transaction (id, credit_card_id, company_id, user_id, lat, longitude, timestamp, amount, declined) VALUES (        '3A3B4A86-14FC-D9B3-164A-21542B509E1D', 'CcU-4772', 'b-2278', '202', '85.5250548736', '116.1088269312', '2021-05-13 22:40:52',         '360.05', '0');
INSERT INTO transaction (id, credit_card_id, company_id, user_id, lat, longitude, timestamp, amount, declined) VALUES (        'E308729C-4A62-08C9-45C6-58C9479D4626', 'CcU-4779', 'b-2278', '201', '-55.6834507776', '74.7848943616', '2021-08-15 19:09:41',         '224.62', '0');
INSERT INTO transaction (id, credit_card_id, company_id, user_id, lat, longitude, timestamp, amount, declined) VALUES (        '9C11DE85-F985-D119-4664-15D448C5E913', 'CcU-4786', 'b-2278', '201', '3.4505225216', '-128.5296928768', '2021-12-13 15:22:11',         '56.27', '0');
INSERT INTO transaction (id, credit_card_id, company_id, user_id, lat, longitude, timestamp, amount, declined) VALUES (        'F233E386-5A74-63B3-8111-09FC9BA38011', 'CcU-4793', 'b-2278', '200', '23.728344576', '-175.377351168', '2021-06-21 23:01:35',         '146.34', '0');
INSERT INTO transaction (id, credit_card_id, company_id, user_id, lat, longitude, timestamp, amount, declined) VALUES (        'B86A5793-A474-8B73-EB69-63FDD4809AC4', 'CcU-4800', 'b-2278', '200', '38.4503477248', '-5.7679593472', '2022-02-03 17:43:46',         '210.54', '0');
INSERT INTO transaction (id, credit_card_id, company_id, user_id, lat, longitude, timestamp, amount, declined) VALUES (        '5E47EB85-1F76-1853-839F-94FCF9A95700', 'CcU-4807', 'b-2278', '199', '-59.339348992', '15.3332599808', '2021-03-25 19:56:52',         '425.41', '0');
INSERT INTO transaction (id, credit_card_id, company_id, user_id, lat, longitude, timestamp, amount, declined) VALUES (        '17B43AB2-DD7D-96C4-2C7D-1989F119A1CB', 'CcU-4814', 'b-2278', '199', '5.4180440064', '-6.7093221376', '2021-08-28 20:01:52',         '494.17', '0');
INSERT INTO transaction (id, credit_card_id, company_id, user_id, lat, longitude, timestamp, amount, declined) VALUES (        '9B7D1DBC-1A36-4DBA-BB0F-CD7616DE3C4B', 'CcU-4821', 'b-2278', '198', '23.5212214272', '156.4986651648', '2021-06-20 06:31:33',         '256.1', '0');
INSERT INTO transaction (id, credit_card_id, company_id, user_id, lat, longitude, timestamp, amount, declined) VALUES (        '74AAB47D-9528-DAF4-D7A8-AC94C74F6997', 'CcU-4828', 'b-2278', '198', '7.9658769408', '-133.5597923328', '2021-11-16 22:59:19',         '163.51', '0');
INSERT INTO transaction (id, credit_card_id, company_id, user_id, lat, longitude, timestamp, amount, declined) VALUES (        'E1880EA8-64B2-9C7C-E626-D159343555D8', 'CcU-4835', 'b-2278', '197', '85.626289664', '-96.1839771648', '2022-02-15 09:54:40',         '248.61', '0');
INSERT INTO transaction (id, credit_card_id, company_id, user_id, lat, longitude, timestamp, amount, declined) VALUES (        '71D61251-11D7-99AE-4465-8E21777B5B91', 'CcU-4842', 'b-2278', '197', '14.7102070784', '30.8801319936', '2021-11-01 20:12:07',         '174.55', '0');
INSERT INTO transaction (id, credit_card_id, company_id, user_id, lat, longitude, timestamp, amount, declined) VALUES (        'A483C535-9E4F-6D72-D568-B496DAB0DE56', 'CcU-4849', 'b-2278', '196', '32.5816444928', '-44.8112001024', '2022-02-18 06:37:15',         '418.45', '0');
INSERT INTO transaction (id, credit_card_id, company_id, user_id, lat, longitude, timestamp, amount, declined) VALUES (        '9A58B3E0-1E27-94E2-6487-9A63F07BC833', 'CcU-4856', 'b-2278', '196', '20.2527449088', '-82.4442075136', '2021-08-11 02:02:29',         '380.79', '0');
INSERT INTO transaction (id, credit_card_id, company_id, user_id, lat, longitude, timestamp, amount, declined) VALUES (        'D616D488-341E-C82E-5137-12B8B0E79C77', 'CcU-4849', 'b-2278', '195', '69.8381187072', '-145.1045574656', '2021-10-20 16:28:26',         '312.47', '0');
INSERT INTO transaction (id, credit_card_id, company_id, user_id, lat, longitude, timestamp, amount, declined) VALUES (        '873581C1-A079-1277-694F-4E735E854AC9', 'CcU-4849', 'b-2278', '195', '-57.3571550208', '97.0858791936', '2022-01-24 12:46:20',         '23.86', '0');
INSERT INTO transaction (id, credit_card_id, company_id, user_id, lat, longitude, timestamp, amount, declined) VALUES (        'E95B26BA-2466-6ECB-81D4-57CB6225AB78', 'CcU-4849', 'b-2278', '194', '-4.2030951424', '94.9817198592', '2021-10-28 17:33:51',         '169.52', '0');
INSERT INTO transaction (id, credit_card_id, company_id, user_id, lat, longitude, timestamp, amount, declined) VALUES (        '1822A630-4B6E-DABC-2576-6EC107FA15C2', 'CcU-4849', 'b-2278', '194', '-32.3809166336', '-0.82221824', '2021-09-16 23:56:49',         '140.31', '0');
INSERT INTO transaction (id, credit_card_id, company_id, user_id, lat, longitude, timestamp, amount, declined) VALUES (        '6EECB866-887D-FC95-E094-45DB4943B515', 'CcU-4849', 'b-2278', '193', '-56.405589504', '108.5547329536', '2021-06-22 05:50:31',         '424.78', '0');
INSERT INTO transaction (id, credit_card_id, company_id, user_id, lat, longitude, timestamp, amount, declined) VALUES (        '8D5C52B9-42BE-480C-359E-CE36E1916D19', 'CcU-4849', 'b-2278', '193', '8.7060519936', '-112.2445059072', '2021-10-17 08:16:53',         '278.51', '0');
INSERT INTO transaction (id, credit_card_id, company_id, user_id, lat, longitude, timestamp, amount, declined) VALUES (        '6987DFDB-C49A-A1C3-7236-4258332C794C', 'CcU-4849', 'b-2278', '192', '2.3003321344', '23.0485926912', '2021-12-20 23:43:02',         '384.05', '0');
INSERT INTO transaction (id, credit_card_id, company_id, user_id, lat, longitude, timestamp, amount, declined) VALUES (        '35F284A2-5028-6DB8-A631-78B7981716C2', 'CcU-4849', 'b-2278', '192', '-41.6612861952', '-178.0365012992', '2022-01-10 19:27:25',         '167.36', '0');
INSERT INTO transaction (id, credit_card_id, company_id, user_id, lat, longitude, timestamp, amount, declined) VALUES (        '3B37BE91-420F-4361-238A-3C5A42B998F7', 'CcU-4849', 'b-2278', '191', '7.1741326336', '-0.9980841984', '2022-03-02 02:21:42',         '154.94', '0');
INSERT INTO transaction (id, credit_card_id, company_id, user_id, lat, longitude, timestamp, amount, declined) VALUES (        'BED35659-8521-645B-95C5-F58B732FA6C0', 'CcU-4849', 'b-2278', '191', '36.8500596736', '-89.3791632384', '2021-08-01 14:00:12',         '80.34', '0');
INSERT INTO transaction (id, credit_card_id, company_id, user_id, lat, longitude, timestamp, amount, declined) VALUES (        '6ADF86D5-DD32-BC6F-D157-8C836F5BEF67', 'CcU-4849', 'b-2302', '190', '26.4978286592', '-54.1348856832', '2022-03-14 09:23:10',         '20.33', '0');
INSERT INTO transaction (id, credit_card_id, company_id, user_id, lat, longitude, timestamp, amount, declined) VALUES (        '241827A6-E87C-6DA3-5AC9-BBCFD42B7D2A', 'CcU-4849', 'b-2302', '190', '-12.1171994624', '-175.3217037312', '2021-08-04 04:44:35',         '487.64', '0');
INSERT INTO transaction (id, credit_card_id, company_id, user_id, lat, longitude, timestamp, amount, declined) VALUES (        'D20BBC5C-8161-1D3B-E15D-243D51B563B6', 'CcU-4849', 'b-2302', '189', '-38.3104818176', '111.2327752704', '2021-05-30 15:11:57',         '151.15', '0');
INSERT INTO transaction (id, credit_card_id, company_id, user_id, lat, longitude, timestamp, amount, declined) VALUES (        '14CAE5B5-8FB1-3E4A-4C85-0EA4167534F4', 'CcU-4849', 'b-2302', '189', '-53.6202237952', '93.0533436416', '2021-12-31 00:29:42',         '388.04', '0');
INSERT INTO transaction (id, credit_card_id, company_id, user_id, lat, longitude, timestamp, amount, declined) VALUES (        '9CEA5069-EEDB-11BB-F8DE-9E8585CA56B8', 'CcU-4849', 'b-2302', '188', '-51.975164416', '116.5843026944', '2021-06-26 15:52:41',         '308.12', '0');
INSERT INTO transaction (id, credit_card_id, company_id, user_id, lat, longitude, timestamp, amount, declined) VALUES (        'DD760F36-BB02-83DC-69A9-E24D736E30D1', 'CcU-4849', 'b-2302', '187', '21.1553867776', '33.2200752128', '2021-11-15 05:54:23',         '324.43', '0');
INSERT INTO transaction (id, credit_card_id, company_id, user_id, lat, longitude, timestamp, amount, declined) VALUES (        'D8357216-2798-76CA-6C49-45BEC2E8C6BB', 'CcU-4849', 'b-2302', '186', '83.786072576', '-36.5492380672', '2021-06-26 05:28:26',         '93.03', '0');
INSERT INTO transaction (id, credit_card_id, company_id, user_id, lat, longitude, timestamp, amount, declined) VALUES (        'FE809ED4-2DB6-55AC-C915-929516E4646B', 'CcU-4849', 'b-2302', '185', '-46.0751433728', '-142.2416956416', '2021-11-09 21:35:40',         '219.83', '0');
INSERT INTO transaction (id, credit_card_id, company_id, user_id, lat, longitude, timestamp, amount, declined) VALUES (        '6BB61B4B-EBD8-84AD-EED7-882D166A7A1E', 'CcU-4849', 'b-2302', '184', '34.7270662144', '-178.4175968256', '2021-03-23 03:02:51',         '108.51', '0');
INSERT INTO transaction (id, credit_card_id, company_id, user_id, lat, longitude, timestamp, amount, declined) VALUES (        '158A3ACB-541C-DBCC-65BD-6373CC67BF1C', 'CcU-4849', 'b-2302', '183', '42.5424324608', '-170.3472777216', '2022-03-08 05:02:19',         '240.29', '0');
INSERT INTO transaction (id, credit_card_id, company_id, user_id, lat, longitude, timestamp, amount, declined) VALUES (        '83A1AA60-721D-6CB6-9857-E794C6EACDF8', 'CcU-4849', 'b-2302', '182', '-33.5558957056', '133.405159936', '2021-12-17 00:04:32',         '235.27', '0');
INSERT INTO transaction (id, credit_card_id, company_id, user_id, lat, longitude, timestamp, amount, declined) VALUES (        'C88532CB-7A60-CE22-AFD3-6A8B641C8D7C', 'CcU-4849', 'b-2302', '181', '7.5702027264', '-164.9054988288', '2022-02-18 20:33:36',         '23.35', '0');
INSERT INTO transaction (id, credit_card_id, company_id, user_id, lat, longitude, timestamp, amount, declined) VALUES (        '8A5C0729-BEB4-C999-C36A-A3AC7A0C7B8E', 'CcU-4849', 'b-2302', '180', '-66.279431168', '105.3086706688', '2021-09-30 22:52:36',         '321.39', '0');
INSERT INTO transaction (id, credit_card_id, company_id, user_id, lat, longitude, timestamp, amount, declined) VALUES (        'A6240105-79C6-DD54-28A1-0164B6CE6767', 'CcU-4849', 'b-2302', '179', '-29.90440448', '-179.3341416448', '2022-02-26 17:04:53',         '420.59', '0');
INSERT INTO transaction (id, credit_card_id, company_id, user_id, lat, longitude, timestamp, amount, declined) VALUES (        '65F57592-B32E-1D2E-3466-57D7F1691D0D', 'CcU-4849', 'b-2302', '178', '-48.661184512', '67.856220672', '2021-06-15 06:26:04',         '476.75', '0');
INSERT INTO transaction (id, credit_card_id, company_id, user_id, lat, longitude, timestamp, amount, declined) VALUES (        '18C4E2DD-1E4C-F35E-2198-C660BD81DC25', 'CcU-4849', 'b-2302', '177', '68.0132978688', '91.4839083008', '2021-09-24 18:55:25',         '237.04', '0');
INSERT INTO transaction (id, credit_card_id, company_id, user_id, lat, longitude, timestamp, amount, declined) VALUES (        '75CCE66C-1C7B-8777-4419-467AD80B77C1', 'CcU-4849', 'b-2302', '176', '-44.1777768448', '-177.7639172096', '2021-05-13 14:26:17',         '109.8', '0');
INSERT INTO transaction (id, credit_card_id, company_id, user_id, lat, longitude, timestamp, amount, declined) VALUES (        '3A3E00C1-C191-02EF-AD8E-42C9DA644E4A', 'CcU-4849', 'b-2302', '175', '0.3400129536', '174.033028096', '2021-11-10 19:14:50',         '451.66', '0');
INSERT INTO transaction (id, credit_card_id, company_id, user_id, lat, longitude, timestamp, amount, declined) VALUES (        'BB19787C-ACBC-786D-FA21-3C1C73B3027B', 'CcU-4219', 'b-2302', '174', '-44.0068482048', '-70.5731263488', '2021-10-25 21:26:02',         '411.64', '0');
INSERT INTO transaction (id, credit_card_id, company_id, user_id, lat, longitude, timestamp, amount, declined) VALUES (        '18CCBA7C-ABC1-813D-FAF3-4BAB97429368', 'CcU-4219', 'b-2302', '173', '51.3880513536', '-156.3705291776', '2021-06-21 03:21:34',         '58.16', '0');
INSERT INTO transaction (id, credit_card_id, company_id, user_id, lat, longitude, timestamp, amount, declined) VALUES (        '1717FD6B-ADAD-7082-A748-9112BE892CCC', 'CcU-4219', 'b-2302', '172', '69.489217024', '-138.4107855872', '2021-12-29 16:18:54',         '249.91', '0');
INSERT INTO transaction (id, credit_card_id, company_id, user_id, lat, longitude, timestamp, amount, declined) VALUES (        'BF0BA28B-355D-412E-089C-B152516DC965', 'CcU-4219', 'b-2302', '171', '67.3245003776', '114.091905024', '2021-03-26 13:46:28',         '485.31', '0');
INSERT INTO transaction (id, credit_card_id, company_id, user_id, lat, longitude, timestamp, amount, declined) VALUES (        '0466A42E-47CF-8D24-FD01-C0B689713128', 'CcU-4219', 'b-2302', '170', '-43.9694885888', '-117.5251835904', '2021-07-26 07:29:18',         '49.53', '0');
INSERT INTO transaction (id, credit_card_id, company_id, user_id, lat, longitude, timestamp, amount, declined) VALUES (        '6AAA5BDC-C19A-82CC-EF22-70DEE21ACF9E', 'CcU-4219', 'b-2302', '169', '46.5653733376', '172.0721230848', '2021-11-15 20:17:28',         '399.33', '0');
INSERT INTO transaction (id, credit_card_id, company_id, user_id, lat, longitude, timestamp, amount, declined) VALUES (        'CA264293-D392-1E21-1BCA-16CEA88D875A', 'CcU-4219', 'b-2302', '168', '-49.6402859008', '-41.8468539392', '2021-12-03 13:11:52',         '171.43', '0');
INSERT INTO transaction (id, credit_card_id, company_id, user_id, lat, longitude, timestamp, amount, declined) VALUES (        'D9B9435F-D55B-BA72-4E66-D8A9E3DC62C0', 'CcU-4219', 'b-2302', '167', '-35.1211864064', '6.0376592384', '2021-08-15 05:12:59',         '298.62', '0');
INSERT INTO transaction (id, credit_card_id, company_id, user_id, lat, longitude, timestamp, amount, declined) VALUES (        '34AA1D64-2989-DE1C-8705-C66C8DDB19DD', 'CcU-4219', 'b-2302', '166', '-17.0772025344', '-169.0059088896', '2022-03-02 05:30:41',         '275.45', '0');
INSERT INTO transaction (id, credit_card_id, company_id, user_id, lat, longitude, timestamp, amount, declined) VALUES (        'C0B617A7-A5B1-AF49-C9A2-8112974C4957', 'CcU-4219', 'b-2302', '165', '-74.6637198336', '-52.7904103424', '2021-08-10 21:43:34',         '18.41', '0');
INSERT INTO transaction (id, credit_card_id, company_id, user_id, lat, longitude, timestamp, amount, declined) VALUES (        'E13D8D35-982C-927A-7CBC-ED425AED80F9', 'CcU-4219', 'b-2302', '164', '-62.7547771904', '46.0398328832', '2021-04-17 06:18:44',         '279.35', '0');
INSERT INTO transaction (id, credit_card_id, company_id, user_id, lat, longitude, timestamp, amount, declined) VALUES (        '1B117D49-936C-BA6C-E94B-30C3293AA239', 'CcU-4219', 'b-2302', '163', '-75.0990076928', '109.0344773632', '2021-05-09 23:56:04',         '371.35', '0');
INSERT INTO transaction (id, credit_card_id, company_id, user_id, lat, longitude, timestamp, amount, declined) VALUES (        '7622460B-29BE-594C-8D14-D73DEAD91B94', 'CcU-4219', 'b-2302', '162', '-58.0788811776', '-100.3296871424', '2022-02-02 16:10:03',         '239.14', '0');
INSERT INTO transaction (id, credit_card_id, company_id, user_id, lat, longitude, timestamp, amount, declined) VALUES (        'F5ACD74B-4275-5AA1-2414-6EF417636B98', 'CcU-4219', 'b-2302', '161', '-56.354751488', '152.0109979648', '2021-11-20 20:00:40',         '148.97', '0');
INSERT INTO transaction (id, credit_card_id, company_id, user_id, lat, longitude, timestamp, amount, declined) VALUES (        '6CB65FA4-6A8E-0C33-BFB7-2E8E4A775E4B', 'CcU-4219', 'b-2302', '160', '-3.4361732096', '150.0194044928', '2021-05-20 11:36:05',         '257.44', '0');
INSERT INTO transaction (id, credit_card_id, company_id, user_id, lat, longitude, timestamp, amount, declined) VALUES (        'BEBBC256-9696-1AAB-2C73-D2F3775301A9', 'CcU-4219', 'b-2302', '159', '-34.1831044096', '-7.0475633664', '2021-04-12 15:28:54',         '346.46', '0');
INSERT INTO transaction (id, credit_card_id, company_id, user_id, lat, longitude, timestamp, amount, declined) VALUES (        'DD4011AE-136E-9F62-EEA0-3E0D088E4455', 'CcU-4219', 'b-2302', '158', '-77.82244608', '151.8171287552', '2022-01-22 10:30:48',         '257.24', '0');
INSERT INTO transaction (id, credit_card_id, company_id, user_id, lat, longitude, timestamp, amount, declined) VALUES (        '5218E51C-E258-BFA4-BE23-AF815F66FAF8', 'CcU-4219', 'b-2302', '157', '18.973232128', '66.3985398784', '2021-09-07 21:38:45',         '234.52', '0');
INSERT INTO transaction (id, credit_card_id, company_id, user_id, lat, longitude, timestamp, amount, declined) VALUES (        '62A399E3-0FDD-2E65-5A95-21D8C59C33DC', 'CcU-4219', 'b-2302', '156', '-61.286327808', '-4.3183143936', '2021-05-14 16:10:09',         '22.92', '0');
INSERT INTO transaction (id, credit_card_id, company_id, user_id, lat, longitude, timestamp, amount, declined) VALUES (        'E1A3E48E-E1B4-1E36-FE2F-C4E5A3743779', 'CcU-4219', 'b-2302', '155', '-44.6536071168', '-169.0344758272', '2021-11-13 12:20:35',         '341.67', '0');
INSERT INTO transaction (id, credit_card_id, company_id, user_id, lat, longitude, timestamp, amount, declined) VALUES (        '19E1EC3E-2119-1EFD-8AAE-5930D4A4E63F', 'CcU-4219', 'b-2302', '154', '-56.0838861824', '116.9871379456', '2021-07-06 21:40:15',         '29.63', '0');
INSERT INTO transaction (id, credit_card_id, company_id, user_id, lat, longitude, timestamp, amount, declined) VALUES (        '34368DE0-D181-1B5C-6698-8DF585C06421', 'CcU-4219', 'b-2302', '153', '-8.2045213696', '89.9882452992', '2021-07-05 10:54:54',         '86.69', '0');
INSERT INTO transaction (id, credit_card_id, company_id, user_id, lat, longitude, timestamp, amount, declined) VALUES (        'FCE2AB9A-271D-2BDC-9E49-8DD92A373391', 'CcU-4219', 'b-2302', '152', '1.5131582464', '48.27481088', '2022-02-06 22:48:41',         '335.56', '0');
INSERT INTO transaction (id, credit_card_id, company_id, user_id, lat, longitude, timestamp, amount, declined) VALUES (        'DFEC1C7F-38E1-2AAC-ACD9-7985DB48C31D', 'CcU-4219', 'b-2302', '151', '-44.0442028032', '-15.8412726272', '2021-04-19 16:59:44',         '175.73', '0');
INSERT INTO transaction (id, credit_card_id, company_id, user_id, lat, longitude, timestamp, amount, declined) VALUES (        '9E14CE6E-A32B-E693-2D42-F12C6DEB4308', 'CcU-4219', 'b-2302', '150', '-64.625228288', '-153.8290961408', '2021-05-20 17:28:37',         '95.59', '0');
INSERT INTO transaction (id, credit_card_id, company_id, user_id, lat, longitude, timestamp, amount, declined) VALUES (        '2C9A4725-4B19-621C-4EE4-AE9E31CFE5B0', 'CcU-4219', 'b-2302', '149', '-46.7357316096', '162.1021497344', '2021-08-14 09:23:34',         '28.95', '0');
INSERT INTO transaction (id, credit_card_id, company_id, user_id, lat, longitude, timestamp, amount, declined) VALUES (        '82406B7B-C498-4FF2-517A-F9A9E3BABF41', 'CcU-4219', 'b-2302', '148', '-53.1551818752', '-72.4675135488', '2021-10-31 10:07:54',         '260.23', '0');
INSERT INTO transaction (id, credit_card_id, company_id, user_id, lat, longitude, timestamp, amount, declined) VALUES (        '369213C7-BD65-0715-6644-D5E4F9BD9914', 'CcU-4219', 'b-2302', '147', '88.7858717696', '-148.0226335744', '2021-12-29 18:54:29',         '458.66', '0');
INSERT INTO transaction (id, credit_card_id, company_id, user_id, lat, longitude, timestamp, amount, declined) VALUES (        '726E5247-EC79-A415-3409-16A666404C6A', 'CcU-4219', 'b-2302', '146', '-13.129895424', '-155.4086745088', '2021-11-18 02:30:15',         '52.97', '0');
INSERT INTO transaction (id, credit_card_id, company_id, user_id, lat, longitude, timestamp, amount, declined) VALUES (        'C40174D7-1EBC-29B2-2F70-53236CA24369', 'CcU-4219', 'b-2302', '145', '-19.4068745216', '160.6605232128', '2021-06-14 09:53:07',         '444.82', '0');
INSERT INTO transaction (id, credit_card_id, company_id, user_id, lat, longitude, timestamp, amount, declined) VALUES (        'BC9E5393-485B-418E-6E9C-CB454E934224', 'CcU-4219', 'b-2302', '144', '29.2279081984', '164.6556050432', '2021-06-23 10:57:10',         '458.52', '0');
INSERT INTO transaction (id, credit_card_id, company_id, user_id, lat, longitude, timestamp, amount, declined) VALUES (        'BA1BE1BA-AAC8-FD6C-3C74-A77E375AE85D', 'CcU-4219', 'b-2302', '143', '2.499150848', '-16.1739773952', '2021-08-14 00:39:56',         '474.76', '0');
INSERT INTO transaction (id, credit_card_id, company_id, user_id, lat, longitude, timestamp, amount, declined) VALUES (        '41932C77-45B5-C786-6B3F-DBB619B2D535', 'CcU-4219', 'b-2302', '142', '-8.3724722176', '-67.87759872', '2022-02-12 09:12:05',         '358.36', '0');
INSERT INTO transaction (id, credit_card_id, company_id, user_id, lat, longitude, timestamp, amount, declined) VALUES (        'EC8D77B4-5570-7DC6-3DE9-E46A861A7479', 'CcU-4219', 'b-2326', '141', '82.7795534848', '37.770658304', '2022-02-07 06:24:17',         '471.78', '0');
INSERT INTO transaction (id, credit_card_id, company_id, user_id, lat, longitude, timestamp, amount, declined) VALUES (        '45CA3E45-6B42-CAC4-7683-EBB69D523B3E', 'CcU-4219', 'b-2326', '140', '85.705495552', '36.149653504', '2021-04-29 06:17:02',         '149.89', '0');
INSERT INTO transaction (id, credit_card_id, company_id, user_id, lat, longitude, timestamp, amount, declined) VALUES (        'DF588D4E-F11B-CDA9-0C85-49127C7F4D01', 'CcU-4219', 'b-2326', '139', '20.8415793152', '130.4498081792', '2021-04-15 22:48:52',         '452.66', '0');
INSERT INTO transaction (id, credit_card_id, company_id, user_id, lat, longitude, timestamp, amount, declined) VALUES (        '41C13F08-471E-D475-3E14-760DF3F79B42', 'CcU-4219', 'b-2326', '138', '-51.7289443328', '55.3294360576', '2022-01-16 16:48:55',         '45.63', '0');
INSERT INTO transaction (id, credit_card_id, company_id, user_id, lat, longitude, timestamp, amount, declined) VALUES (        '3ED634C2-01CA-D6E9-2DBD-24B53A7912F7', 'CcU-4219', 'b-2326', '137', '69.0548969472', '96.5032843264', '2021-03-29 11:38:38',         '478.54', '0');
INSERT INTO transaction (id, credit_card_id, company_id, user_id, lat, longitude, timestamp, amount, declined) VALUES (        'ED9CCFC6-33C8-D6A9-731F-B762DFF1659E', 'CcU-2994', 'b-2326', '136', '39.8684752896', '-153.4847789056', '2021-12-18 08:37:39',         '371.88', '0');
INSERT INTO transaction (id, credit_card_id, company_id, user_id, lat, longitude, timestamp, amount, declined) VALUES (        '89A34935-2145-B045-3ED0-1FFAB39DDA32', 'CcU-2994', 'b-2326', '135', '-21.454500864', '24.6215579648', '2022-01-18 11:08:35',         '172.74', '0');
INSERT INTO transaction (id, credit_card_id, company_id, user_id, lat, longitude, timestamp, amount, declined) VALUES (        'C655DD05-66BB-282B-2234-EB6345C625E4', 'CcU-2994', 'b-2326', '134', '27.7682521088', '4.0159194112', '2021-07-27 05:46:49',         '24.5', '0');
INSERT INTO transaction (id, credit_card_id, company_id, user_id, lat, longitude, timestamp, amount, declined) VALUES (        '1479B3D2-B7BA-C7BB-4CE3-8D7C2DE85ABB', 'CcU-2994', 'b-2326', '133', '66.2671920128', '172.3992054784', '2021-08-09 00:58:07',         '309.45', '0');
INSERT INTO transaction (id, credit_card_id, company_id, user_id, lat, longitude, timestamp, amount, declined) VALUES (        'E8A862CE-AC8B-A489-620C-DDD7FEB16AA2', 'CcU-2994', 'b-2326', '132', '-60.4058348544', '179.1707977728', '2021-12-21 09:13:50',         '295.55', '0');
INSERT INTO transaction (id, credit_card_id, company_id, user_id, lat, longitude, timestamp, amount, declined) VALUES (        '1B636B58-A2E8-7C69-D9C9-C54535DAFD3B', 'CcU-2994', 'b-2326', '131', '70.254268416', '-13.1335795712', '2021-07-06 08:48:46',         '195.06', '0');
INSERT INTO transaction (id, credit_card_id, company_id, user_id, lat, longitude, timestamp, amount, declined) VALUES (        'AC272DC8-737D-FBB0-548A-B09582C1C00F', 'CcU-2994', 'b-2326', '130', '1.3991277568', '-2.8353077248', '2021-10-09 14:36:11',         '354.45', '0');
INSERT INTO transaction (id, credit_card_id, company_id, user_id, lat, longitude, timestamp, amount, declined) VALUES (        '4217E857-1D51-5D25-B645-EC24D23C8759', 'CcU-2994', 'b-2326', '129', '65.4732827648', '-20.2735168512', '2021-04-23 13:07:58',         '193.33', '0');
INSERT INTO transaction (id, credit_card_id, company_id, user_id, lat, longitude, timestamp, amount, declined) VALUES (        '4B74B94B-D123-7C7E-A9CE-7DA26F911F55', 'CcU-2994', 'b-2326', '128', '25.6023939072', '53.4542564352', '2022-02-12 14:27:28',         '304.43', '0');
INSERT INTO transaction (id, credit_card_id, company_id, user_id, lat, longitude, timestamp, amount, declined) VALUES (        'D1389977-A7AD-1B56-1DE4-E2E94741D40C', 'CcU-2994', 'b-2326', '127', '-8.727405056', '37.959965696', '2022-03-10 03:43:25',         '226.1', '0');
INSERT INTO transaction (id, credit_card_id, company_id, user_id, lat, longitude, timestamp, amount, declined) VALUES (        '239B8576-6C0E-137A-C2F6-3180A188A2D3', 'CcU-2994', 'b-2326', '126', '23.6174143488', '137.2224935936', '2021-08-26 06:04:05',         '43.9', '0');
INSERT INTO transaction (id, credit_card_id, company_id, user_id, lat, longitude, timestamp, amount, declined) VALUES (        '85C562AB-DC50-8E93-3D86-47B1B751A851', 'CcU-2994', 'b-2326', '126', '-58.3416118272', '176.221200896', '2021-08-27 06:01:20',         '134.84', '0');
INSERT INTO transaction (id, credit_card_id, company_id, user_id, lat, longitude, timestamp, amount, declined) VALUES (        '65DB2765-E85D-2B74-2BDA-A8AEFD248928', 'CcU-2994', 'b-2326', '126', '-19.9162022912', '2.6147513344', '2021-12-08 09:25:11',         '140.67', '0');
INSERT INTO transaction (id, credit_card_id, company_id, user_id, lat, longitude, timestamp, amount, declined) VALUES (        'A4848E54-0F7C-7164-6C3F-631F96747C52', 'CcU-2994', 'b-2326', '126', '0.776025088', '-80.4414107648', '2022-01-23 17:40:13',         '83.87', '0');
INSERT INTO transaction (id, credit_card_id, company_id, user_id, lat, longitude, timestamp, amount, declined) VALUES (        '5F4738BE-B392-A2E2-1E8E-C4A812C6A95C', 'CcU-2994', 'b-2326', '126', '-57.1143384064', '-154.7672162304', '2022-01-10 05:12:55',         '253.68', '0');
INSERT INTO transaction (id, credit_card_id, company_id, user_id, lat, longitude, timestamp, amount, declined) VALUES (        'BCD57868-7187-DB86-BAE1-EB3E6EEC3B48', 'CcU-2994', 'b-2326', '126', '39.490518016', '-172.7978750976', '2021-10-30 07:40:28',         '344.32', '0');
INSERT INTO transaction (id, credit_card_id, company_id, user_id, lat, longitude, timestamp, amount, declined) VALUES (        '20418DE5-B804-BE9B-BD7A-A95C1BFDBF5C', 'CcU-2994', 'b-2326', '126', '-79.1145294848', '1.514806272', '2022-01-03 15:59:29',         '479.52', '0');
INSERT INTO transaction (id, credit_card_id, company_id, user_id, lat, longitude, timestamp, amount, declined) VALUES (        '3142C93E-B3B7-49E4-EE2D-29CA834B198D', 'CcU-2994', 'b-2326', '126', '-67.847559168', '-119.97814016', '2021-04-06 17:24:44',         '91.59', '0');
INSERT INTO transaction (id, credit_card_id, company_id, user_id, lat, longitude, timestamp, amount, declined) VALUES (        'BB611D65-521D-E30F-94C8-1CD1EDE9CC28', 'CcU-2994', 'b-2326', '126', '89.5344712704', '29.5245232128', '2022-01-28 08:06:27',         '123.25', '0');
INSERT INTO transaction (id, credit_card_id, company_id, user_id, lat, longitude, timestamp, amount, declined) VALUES (        '981D2677-9924-A1A0-8A23-2AE7E988A7B7', 'CcU-2994', 'b-2326', '126', '-10.5975128064', '50.7339298816', '2021-09-05 10:02:00',         '63.93', '0');
INSERT INTO transaction (id, credit_card_id, company_id, user_id, lat, longitude, timestamp, amount, declined) VALUES (        '41EC591D-808E-D85C-F05F-08BC3DE7A618', 'CcU-2994', 'b-2326', '126', '5.3853462528', '-78.3916817408', '2022-01-06 07:47:39',         '335.54', '0');
INSERT INTO transaction (id, credit_card_id, company_id, user_id, lat, longitude, timestamp, amount, declined) VALUES (        '3578688E-7B1D-B887-3BC7-20B8673AA31E', 'CcU-2994', 'b-2326', '126', '87.0664830976', '-22.733851648', '2021-07-26 22:59:24',         '303.6', '0');
INSERT INTO transaction (id, credit_card_id, company_id, user_id, lat, longitude, timestamp, amount, declined) VALUES (        '152598C2-029D-D684-4B66-91EDF393EBFF', 'CcU-2994', 'b-2326', '126', '-67.0189467648', '-141.6721632256', '2021-07-05 03:10:00',         '395.43', '0');
INSERT INTO transaction (id, credit_card_id, company_id, user_id, lat, longitude, timestamp, amount, declined) VALUES (        '267C4A86-7BA7-1C5E-0718-2824983C87DD', 'CcU-2994', 'b-2326', '126', '-17.5259107328', '104.914614784', '2021-10-01 21:08:53',         '122.63', '0');
INSERT INTO transaction (id, credit_card_id, company_id, user_id, lat, longitude, timestamp, amount, declined) VALUES (        '3FEC4131-9BED-2EA6-1776-82674C80DDBB', 'CcU-2994', 'b-2326', '126', '-7.28468992', '179.0625251328', '2021-07-25 04:59:17',         '393.42', '0');
INSERT INTO transaction (id, credit_card_id, company_id, user_id, lat, longitude, timestamp, amount, declined) VALUES (        '8EEDAC97-5D5C-8649-B476-2F9D9FC28F80', 'CcU-2994', 'b-2326', '126', '88.7599280128', '38.3600350208', '2021-09-08 22:46:19',         '54.17', '0');
INSERT INTO transaction (id, credit_card_id, company_id, user_id, lat, longitude, timestamp, amount, declined) VALUES (        'B5C49D11-1D34-4B90-209F-803CBA1CE91F', 'CcU-2994', 'b-2326', '126', '-82.1022799872', '-62.8648525824', '2022-01-07 21:46:38',         '113.23', '0');
INSERT INTO transaction (id, credit_card_id, company_id, user_id, lat, longitude, timestamp, amount, declined) VALUES (        '634E63C6-C2D6-EC48-4CCF-6B4A60AAEEB7', 'CcU-2994', 'b-2326', '125', '-77.8922662912', '-167.6832836608', '2021-09-17 15:02:25',         '399.71', '0');
INSERT INTO transaction (id, credit_card_id, company_id, user_id, lat, longitude, timestamp, amount, declined) VALUES (        '83E6BA9E-E737-37D0-5385-585F1B8A318B', 'CcU-2994', 'b-2326', '124', '67.1904467968', '117.6165398528', '2021-05-24 22:17:30',         '170.15', '0');
INSERT INTO transaction (id, credit_card_id, company_id, user_id, lat, longitude, timestamp, amount, declined) VALUES (        '8EECB926-0A27-9A3A-D0A8-B8FDBC0F8A75', 'CcU-2994', 'b-2326', '123', '65.9664591872', '140.1620261888', '2022-02-23 19:57:53',         '136.28', '0');
INSERT INTO transaction (id, credit_card_id, company_id, user_id, lat, longitude, timestamp, amount, declined) VALUES (        '9D38BED9-558B-EF5A-E4B3-C9668587A15B', 'CcU-2994', 'b-2326', '122', '81.8237211648', '76.2950119424', '2021-11-19 20:02:27',         '178.59', '0');
INSERT INTO transaction (id, credit_card_id, company_id, user_id, lat, longitude, timestamp, amount, declined) VALUES (        'EE8ED5A8-CEC8-9387-524C-A911BB473C1F', 'CcU-2994', 'b-2326', '121', '-38.5150828544', '-139.1505196032', '2021-12-13 12:30:15',         '105.51', '0');
INSERT INTO transaction (id, credit_card_id, company_id, user_id, lat, longitude, timestamp, amount, declined) VALUES (        '4D8E4891-1711-7D30-E4CB-645A8DF59A43', 'CcU-2994', 'b-2326', '120', '5.7191532544', '-155.3694454784', '2021-12-26 01:49:19',         '365.83', '0');
INSERT INTO transaction (id, credit_card_id, company_id, user_id, lat, longitude, timestamp, amount, declined) VALUES (        'B3E58105-C56C-816E-C133-8F2D7940B0E4', 'CcU-2994', 'b-2326', '119', '-0.2791235584', '21.2832589824', '2021-04-30 17:56:01',         '465.97', '0');
INSERT INTO transaction (id, credit_card_id, company_id, user_id, lat, longitude, timestamp, amount, declined) VALUES (        '391E1CFD-D653-E45B-A729-F2EB93247B58', 'CcU-2994', 'b-2326', '118', '60.5512365056', '103.9035229184', '2021-10-09 00:50:38',         '271.27', '0');
INSERT INTO transaction (id, credit_card_id, company_id, user_id, lat, longitude, timestamp, amount, declined) VALUES (        '3C4D7C2A-A402-B941-625A-D64CA53526E8', 'CcU-2994', 'b-2326', '117', '23.1626718208', '-10.3810471936', '2021-04-25 19:11:52',         '441.27', '0');
INSERT INTO transaction (id, credit_card_id, company_id, user_id, lat, longitude, timestamp, amount, declined) VALUES (        '360C7814-F7AF-B43A-0946-AB38D2683C86', 'CcU-2994', 'b-2326', '116', '-7.9300544512', '-79.0733114368', '2021-08-21 10:19:58',         '494.82', '0');
INSERT INTO transaction (id, credit_card_id, company_id, user_id, lat, longitude, timestamp, amount, declined) VALUES (        'B220187A-2A9C-0384-EEA1-DD917F11C94F', 'CcU-3393', 'b-2326', '115', '0.9202272256', '25.7309387776', '2021-09-07 04:13:28',         '466.46', '0');
INSERT INTO transaction (id, credit_card_id, company_id, user_id, lat, longitude, timestamp, amount, declined) VALUES (        'A4534186-6CA4-E81C-26E1-896861685ED9', 'CcU-3393', 'b-2326', '114', '-13.0856718336', '-151.407397888', '2021-06-06 11:57:32',         '58.14', '0');
INSERT INTO transaction (id, credit_card_id, company_id, user_id, lat, longitude, timestamp, amount, declined) VALUES (        'A324A47C-7E94-548E-E352-7BD8671E41B3', 'CcU-3393', 'b-2326', '113', '22.21549056', '38.836973056', '2021-12-13 12:29:15',         '109.78', '0');
INSERT INTO transaction (id, credit_card_id, company_id, user_id, lat, longitude, timestamp, amount, declined) VALUES (        '9281A912-BC56-8905-9279-FC8BDE2185F6', 'CcU-3393', 'b-2326', '112', '49.4941755392', '-62.5085568', '2021-05-26 17:01:17',         '341.44', '0');
INSERT INTO transaction (id, credit_card_id, company_id, user_id, lat, longitude, timestamp, amount, declined) VALUES (        '9833DD1C-702C-A8A7-FBA6-ABCA470DF7BE', 'CcU-3393', 'b-2326', '111', '-84.9792142336', '128.7663127552', '2022-01-06 22:25:58',         '472.18', '0');
INSERT INTO transaction (id, credit_card_id, company_id, user_id, lat, longitude, timestamp, amount, declined) VALUES (        'D95F1CB4-2844-66D2-3958-E4E6EFC36A75', 'CcU-3393', 'b-2326', '110', '-86.2736423936', '-118.7369746432', '2021-08-14 17:42:42',         '266.37', '0');
INSERT INTO transaction (id, credit_card_id, company_id, user_id, lat, longitude, timestamp, amount, declined) VALUES (        'DD9B60B0-D1BC-F993-4DE8-5A247ADCD734', 'CcU-3393', 'b-2326', '110', '65.036389376', '-26.2682423296', '2021-09-24 14:08:59',         '176.2', '0');
INSERT INTO transaction (id, credit_card_id, company_id, user_id, lat, longitude, timestamp, amount, declined) VALUES (        '71CB87BE-F93E-4877-DF6D-1BD3B312ED29', 'CcU-3393', 'b-2326', '110', '-27.1211906048', '-105.5734203392', '2021-10-21 20:41:56',         '441.63', '0');
INSERT INTO transaction (id, credit_card_id, company_id, user_id, lat, longitude, timestamp, amount, declined) VALUES (        '84B8ECA6-A786-91C0-C973-8B730565BFA3', 'CcU-3393', 'b-2326', '110', '-7.4334290944', '-77.4373897216', '2021-12-02 07:12:35',         '179.18', '0');
INSERT INTO transaction (id, credit_card_id, company_id, user_id, lat, longitude, timestamp, amount, declined) VALUES (        '61EC87A4-CF88-B392-F83B-75E7F2C93537', 'CcU-3393', 'b-2326', '110', '88.4626167808', '85.6351249408', '2021-06-01 20:23:57',         '346.1', '0');
INSERT INTO transaction (id, credit_card_id, company_id, user_id, lat, longitude, timestamp, amount, declined) VALUES (        'BA338D01-C4D1-6F43-DDF8-5EC8C8B8384B', 'CcU-3393', 'b-2326', '109', '-34.5538674688', '-89.1280589824', '2022-02-05 15:36:28',         '187.19', '0');
INSERT INTO transaction (id, credit_card_id, company_id, user_id, lat, longitude, timestamp, amount, declined) VALUES (        '49CD105D-E569-3733-C8C8-3908ED7E1838', 'CcU-3393', 'b-2326', '108', '-47.8783276032', '168.2745216', '2021-12-24 23:43:59',         '411.81', '0');
INSERT INTO transaction (id, credit_card_id, company_id, user_id, lat, longitude, timestamp, amount, declined) VALUES (        '7D0819EC-7363-6767-36C0-97C7E77D5E65', 'CcU-3393', 'b-2326', '107', '-26.2615816192', '26.8732556288', '2021-05-09 15:36:26',         '158.89', '0');
INSERT INTO transaction (id, credit_card_id, company_id, user_id, lat, longitude, timestamp, amount, declined) VALUES (        '8C5C40B3-3988-EE44-126E-18147A9E62D2', 'CcU-3393', 'b-2346', '106', '-32.733751808', '-136.1626254336', '2021-12-22 05:18:10',         '123.09', '0');
INSERT INTO transaction (id, credit_card_id, company_id, user_id, lat, longitude, timestamp, amount, declined) VALUES (        '9A993DCE-716B-D784-9192-285C2A490AE8', 'CcU-3393', 'b-2346', '105', '66.7095329792', '-105.291339776', '2021-08-28 23:40:17',         '193.64', '0');
INSERT INTO transaction (id, credit_card_id, company_id, user_id, lat, longitude, timestamp, amount, declined) VALUES (        '51A4866C-484C-5529-8419-B7BBAD4E294D', 'CcU-3393', 'b-2346', '104', '74.8690797568', '-147.03364352', '2021-03-27 10:25:42',         '447.06', '0');
INSERT INTO transaction (id, credit_card_id, company_id, user_id, lat, longitude, timestamp, amount, declined) VALUES (        'CEED5D49-B28F-49A6-E967-9E7F74864190', 'CcU-3393', 'b-2346', '103', '-75.2028557312', '73.2142086144', '2021-09-09 02:41:00',         '107.3', '0');
INSERT INTO transaction (id, credit_card_id, company_id, user_id, lat, longitude, timestamp, amount, declined) VALUES (        'F843DC08-CCB5-2444-1B4E-5966289FBA8B', 'CcU-3393', 'b-2346', '102', '17.9004024832', '66.5477303296', '2021-04-27 08:12:28',         '18.08', '0');
INSERT INTO transaction (id, credit_card_id, company_id, user_id, lat, longitude, timestamp, amount, declined) VALUES (        'F85A7D75-2778-9D75-D776-3F41A828DE88', 'CcU-3393', 'b-2346', '101', '24.1698056192', '88.2781806592', '2021-10-10 01:46:36',         '135.93', '0');
INSERT INTO transaction (id, credit_card_id, company_id, user_id, lat, longitude, timestamp, amount, declined) VALUES (        '9EE639A3-2836-87C2-207F-AF3941834DB2', 'CcU-3393', 'b-2346', '100', '-77.4476684288', '-1.1697086464', '2021-08-09 08:17:46',         '368.83', '0');
INSERT INTO transaction (id, credit_card_id, company_id, user_id, lat, longitude, timestamp, amount, declined) VALUES (        'B2C86E4D-8267-F19E-171E-FA48BA22C973', 'CcU-4191', 'b-2346', '99', '89.7861864448', '146.839717376', '2021-10-03 23:39:52',         '132.8', '0');
INSERT INTO transaction (id, credit_card_id, company_id, user_id, lat, longitude, timestamp, amount, declined) VALUES (        'EF9E08A9-457D-D7C1-41E4-059B31C35CEC', 'CcU-4191', 'b-2346', '98', '89.9212483584', '158.1702048768', '2021-05-17 12:51:12',         '274.28', '0');
INSERT INTO transaction (id, credit_card_id, company_id, user_id, lat, longitude, timestamp, amount, declined) VALUES (        'A1701A12-426C-3632-A533-974AD887466A', 'CcU-4191', 'b-2346', '97', '-22.19434752', '107.4763024384', '2021-04-05 07:39:08',         '384.42', '0');
INSERT INTO transaction (id, credit_card_id, company_id, user_id, lat, longitude, timestamp, amount, declined) VALUES (        'B3B7F2C7-AC19-929C-EEC2-8333E6EBE781', 'CcU-4191', 'b-2346', '96', '-80.0100667392', '-165.152759296', '2021-08-03 09:14:56',         '398.82', '0');
INSERT INTO transaction (id, credit_card_id, company_id, user_id, lat, longitude, timestamp, amount, declined) VALUES (        '80776A89-E0D2-A8EA-759B-50427D32BADA', 'CcU-4191', 'b-2346', '96', '2.1217031168', '-29.2614890496', '2021-07-09 09:19:16',         '185.83', '0');
INSERT INTO transaction (id, credit_card_id, company_id, user_id, lat, longitude, timestamp, amount, declined) VALUES (        '1742D72D-6EC3-1B42-A1B2-24AA75A6A14B', 'CcU-4191', 'b-2346', '96', '-18.9715958784', '-101.5928839168', '2021-04-09 15:37:17',         '297.59', '0');
INSERT INTO transaction (id, credit_card_id, company_id, user_id, lat, longitude, timestamp, amount, declined) VALUES (        '32A9BDCA-1390-2BE1-82C8-AD514E38A203', 'CcU-4191', 'b-2346', '96', '84.32473856', '-89.4331097088', '2021-10-18 11:16:27',         '483.96', '0');
INSERT INTO transaction (id, credit_card_id, company_id, user_id, lat, longitude, timestamp, amount, declined) VALUES (        'DC1885DA-2644-8623-0C0D-67AB5D8AB223', 'CcU-4191', 'b-2346', '96', '-78.0323771392', '-127.6905961472', '2021-11-17 21:39:03',         '121.54', '0');
INSERT INTO transaction (id, credit_card_id, company_id, user_id, lat, longitude, timestamp, amount, declined) VALUES (        '18528B27-18B8-93DA-9B8C-31635C536DA4', 'CcU-4191', 'b-2346', '96', '-43.6153265152', '-16.370827776', '2022-02-15 22:26:43',         '208.0', '0');
INSERT INTO transaction (id, credit_card_id, company_id, user_id, lat, longitude, timestamp, amount, declined) VALUES (        'AA6CA954-0AF1-D69E-6BEF-6B5B168C1A82', 'CcU-4191', 'b-2346', '96', '86.734760448', '83.5489742848', '2021-08-13 11:46:56',         '221.11', '0');
INSERT INTO transaction (id, credit_card_id, company_id, user_id, lat, longitude, timestamp, amount, declined) VALUES (        '3461A2B4-8BEE-3797-ACA4-1DA3E64AC243', 'CcU-4191', 'b-2346', '96', '-82.3625645056', '123.029211136', '2021-05-10 06:35:13',         '324.91', '0');
INSERT INTO transaction (id, credit_card_id, company_id, user_id, lat, longitude, timestamp, amount, declined) VALUES (        '615195B8-9983-A350-3DC7-A16B5135D68C', 'CcU-4191', 'b-2346', '96', '-20.1242334208', '173.4518612992', '2021-07-26 21:18:58',         '368.94', '0');
INSERT INTO transaction (id, credit_card_id, company_id, user_id, lat, longitude, timestamp, amount, declined) VALUES (        '971B44E4-D8B9-4553-163B-E41EB6A0637E', 'CcU-4191', 'b-2346', '96', '69.2838938624', '-117.9512696832', '2021-07-18 00:04:44',         '444.0', '0');
INSERT INTO transaction (id, credit_card_id, company_id, user_id, lat, longitude, timestamp, amount, declined) VALUES (        'DE55E734-9DA5-0725-EB1A-3CEB5517D4EB', 'CcU-4191', 'b-2346', '96', '-88.897508864', '121.7824164864', '2021-10-10 17:44:36',         '125.11', '0');
INSERT INTO transaction (id, credit_card_id, company_id, user_id, lat, longitude, timestamp, amount, declined) VALUES (        'CDB26CD6-B89A-8EDD-E1BE-A332460535C7', 'CcU-4191', 'b-2346', '96', '41.023087104', '66.864113152', '2021-09-16 12:38:29',         '55.5', '0');
INSERT INTO transaction (id, credit_card_id, company_id, user_id, lat, longitude, timestamp, amount, declined) VALUES (        'E7756387-9D45-B1B5-D351-B1BFB64C485C', 'CcU-4191', 'b-2346', '96', '-39.1288726528', '-179.3655436288', '2021-12-29 10:59:28',         '199.81', '0');
INSERT INTO transaction (id, credit_card_id, company_id, user_id, lat, longitude, timestamp, amount, declined) VALUES (        '5B56159E-E3E6-2777-BC01-5659C2A69E96', 'CcU-4191', 'b-2346', '96', '-51.2746203136', '-164.539436544', '2021-04-08 21:12:21',         '466.66', '0');
INSERT INTO transaction (id, credit_card_id, company_id, user_id, lat, longitude, timestamp, amount, declined) VALUES (        'A11EE195-49D1-4B36-28B2-47DD1541A2D4', 'CcU-4191', 'b-2346', '96', '38.532604928', '-77.3225945088', '2021-12-22 19:38:07',         '422.63', '0');
INSERT INTO transaction (id, credit_card_id, company_id, user_id, lat, longitude, timestamp, amount, declined) VALUES (        '2EBE1D7D-9D97-9E4D-E758-2CDB994497A5', 'CcU-4191', 'b-2346', '96', '4.1087464448', '-60.6688364544', '2022-03-14 13:51:53',         '305.47', '0');
INSERT INTO transaction (id, credit_card_id, company_id, user_id, lat, longitude, timestamp, amount, declined) VALUES (        '7D2C6E68-5951-C198-A567-75D465E7CDD0', 'CcU-4191', 'b-2346', '96', '-80.3769022464', '62.3218327552', '2021-05-20 14:53:18',         '205.11', '0');
INSERT INTO transaction (id, credit_card_id, company_id, user_id, lat, longitude, timestamp, amount, declined) VALUES (        'AF4491D0-A15D-BAAC-4D0B-42B3F645632B', 'CcU-4191', 'b-2346', '96', '70.1093013504', '-104.2206225408', '2021-10-15 08:14:49',         '428.86', '0');
INSERT INTO transaction (id, credit_card_id, company_id, user_id, lat, longitude, timestamp, amount, declined) VALUES (        '7E9C9286-F32B-3CA5-68A3-4A841E3A8311', 'CcU-4191', 'b-2346', '96', '57.7668217856', '-31.2554788864', '2021-07-21 12:54:21',         '69.15', '0');
INSERT INTO transaction (id, credit_card_id, company_id, user_id, lat, longitude, timestamp, amount, declined) VALUES (        'E69AA81E-A9BE-5A34-1804-E349A1A76C26', 'CcU-4191', 'b-2346', '96', '13.9409456128', '-116.0590621696', '2021-05-14 07:17:46',         '293.49', '0');
INSERT INTO transaction (id, credit_card_id, company_id, user_id, lat, longitude, timestamp, amount, declined) VALUES (        '1C9EE7A2-EA73-9E54-DAC7-D08632543C68', 'CcU-4191', 'b-2346', '96', '-63.0446019584', '-175.347803648', '2021-12-22 17:19:04',         '395.48', '0');
INSERT INTO transaction (id, credit_card_id, company_id, user_id, lat, longitude, timestamp, amount, declined) VALUES (        'EA69485B-09A2-6170-73C4-65AFE5B71F4F', 'CcU-2959', 'b-2346', '96', '1.8063208448', '-97.9624815616', '2021-04-16 06:35:20',         '110.1', '0');
INSERT INTO transaction (id, credit_card_id, company_id, user_id, lat, longitude, timestamp, amount, declined) VALUES (        '36CCD7CD-F90E-2EE9-5B8B-576A04715373', 'CcU-2959', 'b-2346', '96', '32.2189968384', '-89.2956372992', '2022-01-16 16:20:55',         '325.93', '0');
INSERT INTO transaction (id, credit_card_id, company_id, user_id, lat, longitude, timestamp, amount, declined) VALUES (        '4C978E50-CBB5-9B56-2BB5-BFE53636C719', 'CcU-2959', 'b-2346', '96', '83.235385344', '-92.6384123904', '2021-07-25 11:39:28',         '15.9', '0');
INSERT INTO transaction (id, credit_card_id, company_id, user_id, lat, longitude, timestamp, amount, declined) VALUES (        '67692B94-E67F-0D25-59BF-D236BD9B4711', 'CcU-2959', 'b-2346', '96', '63.7590924288', '154.2407528448', '2021-11-02 06:39:20',         '141.95', '0');
INSERT INTO transaction (id, credit_card_id, company_id, user_id, lat, longitude, timestamp, amount, declined) VALUES (        'EA41A50E-27D6-3612-788C-AD736D4EF523', 'CcU-2959', 'b-2346', '95', '27.6219155456', '118.9012793344', '2021-08-16 19:15:26',         '320.29', '0');
INSERT INTO transaction (id, credit_card_id, company_id, user_id, lat, longitude, timestamp, amount, declined) VALUES (        '5B3327C3-0A6C-EFF1-182A-CD8220923A98', 'CcU-2959', 'b-2346', '94', '-79.5260705792', '88.4186293248', '2021-12-28 16:13:14',         '163.4', '0');
INSERT INTO transaction (id, credit_card_id, company_id, user_id, lat, longitude, timestamp, amount, declined) VALUES (        '6CD4E674-30C5-7F82-7AE5-D8D48E62A684', 'CcU-2959', 'b-2346', '93', '-72.3520375808', '100.9196537856', '2021-06-29 10:41:34',         '317.41', '0');
INSERT INTO transaction (id, credit_card_id, company_id, user_id, lat, longitude, timestamp, amount, declined) VALUES (        '96EC9CC8-867A-B71B-D61A-934C59DF7514', 'CcU-2959', 'b-2346', '92', '-27.378776576', '22.8249575424', '2021-06-25 23:13:04',         '391.62', '0');
INSERT INTO transaction (id, credit_card_id, company_id, user_id, lat, longitude, timestamp, amount, declined) VALUES (        '450ADB51-22CC-B21C-7985-6F34366BE126', 'CcU-2959', 'b-2346', '92', '29.4635162624', '87.2626675712', '2021-04-22 22:03:25',         '471.98', '0');
INSERT INTO transaction (id, credit_card_id, company_id, user_id, lat, longitude, timestamp, amount, declined) VALUES (        'A780B6A7-8EFF-9DBD-2024-FC4E3AE5DE27', 'CcU-2959', 'b-2346', '92', '-34.005725184', '76.9450354688', '2021-04-14 16:55:05',         '336.19', '0');
INSERT INTO transaction (id, credit_card_id, company_id, user_id, lat, longitude, timestamp, amount, declined) VALUES (        '8F54691C-221E-BB4E-4954-5373EE2C959E', 'CcU-2959', 'b-2346', '92', '7.7445769216', '13.0863778816', '2021-06-17 20:18:50',         '441.43', '0');
INSERT INTO transaction (id, credit_card_id, company_id, user_id, lat, longitude, timestamp, amount, declined) VALUES (        '2899837A-45A3-D3B1-0D03-8B33B867DF9B', 'CcU-2959', 'b-2346', '92', '-1.5570224128', '-95.717962752', '2021-12-11 21:36:59',         '324.34', '0');
INSERT INTO transaction (id, credit_card_id, company_id, user_id, lat, longitude, timestamp, amount, declined) VALUES (        '683334BD-AA2A-0249-B1E8-2FB4CE44E908', 'CcU-2959', 'b-2346', '92', '60.740759552', '-39.5520877568', '2021-07-17 19:30:35',         '430.2', '0');
INSERT INTO transaction (id, credit_card_id, company_id, user_id, lat, longitude, timestamp, amount, declined) VALUES (        '1026DA24-8929-31F1-8250-D7BAB05C13D2', 'CcU-2959', 'b-2346', '92', '32.064566272', '-140.1465445376', '2021-12-07 09:30:38',         '465.31', '0');
INSERT INTO transaction (id, credit_card_id, company_id, user_id, lat, longitude, timestamp, amount, declined) VALUES (        '310B8BF9-A441-1470-EDEF-417B7EF2B169', 'CcU-2959', 'b-2346', '92', '7.5346520064', '-136.9231424512', '2021-04-04 11:53:52',         '406.13', '0');
INSERT INTO transaction (id, credit_card_id, company_id, user_id, lat, longitude, timestamp, amount, declined) VALUES (        '6D2CA59B-C6E7-3938-CA4D-3603D23647A9', 'CcU-2959', 'b-2346', '92', '-36.55857664', '48.9359352832', '2022-02-28 00:10:50',         '186.94', '0');
INSERT INTO transaction (id, credit_card_id, company_id, user_id, lat, longitude, timestamp, amount, declined) VALUES (        '3DED9D58-D22A-2B11-C662-183011AE51F4', 'CcU-2959', 'b-2346', '92', '69.105099264', '-170.5396009984', '2021-10-15 06:17:50',         '278.83', '0');
INSERT INTO transaction (id, credit_card_id, company_id, user_id, lat, longitude, timestamp, amount, declined) VALUES (        '1D03001C-97EC-77F6-6E7E-8E2CAC237EA4', 'CcU-2959', 'b-2346', '92', '-39.716742656', '-18.041516544', '2021-06-30 15:59:43',         '32.36', '0');
INSERT INTO transaction (id, credit_card_id, company_id, user_id, lat, longitude, timestamp, amount, declined) VALUES (        'F56FCA4A-0039-9F64-7376-85632B91121B', 'CcU-2959', 'b-2346', '92', '45.5749358592', '-73.5724366848', '2021-04-04 04:51:04',         '294.13', '0');
INSERT INTO transaction (id, credit_card_id, company_id, user_id, lat, longitude, timestamp, amount, declined) VALUES (        'DE182E71-1C46-2EB8-A27F-2167D2D3B5D6', 'CcU-2959', 'b-2346', '92', '62.4276922368', '-88.6409213952', '2021-08-09 09:10:36',         '47.0', '0');
INSERT INTO transaction (id, credit_card_id, company_id, user_id, lat, longitude, timestamp, amount, declined) VALUES (        '36AD59C1-944F-C355-8358-B83A446F3272', 'CcU-2959', 'b-2346', '92', '-26.9569353728', '-2.8432963584', '2021-06-10 01:43:46',         '492.19', '0');
INSERT INTO transaction (id, credit_card_id, company_id, user_id, lat, longitude, timestamp, amount, declined) VALUES (        '156F3F80-7E7D-65CF-727D-6AE03CEB7520', 'CcU-2959', 'b-2346', '92', '-59.977840128', '172.730856448', '2021-04-29 07:06:10',         '404.16', '0');
INSERT INTO transaction (id, credit_card_id, company_id, user_id, lat, longitude, timestamp, amount, declined) VALUES (        '06CD9AA5-9B42-D684-DDDD-A5E394FEBA99', 'CcU-2959', 'b-2346', '92', '33.7381445632', '158.298210304', '2021-10-26 23:00:01',         '279.93', '0');
INSERT INTO transaction (id, credit_card_id, company_id, user_id, lat, longitude, timestamp, amount, declined) VALUES (        'CAA74261-A8B4-9FAF-C71E-D439262C143C', 'CcU-2959', 'b-2346', '92', '72.0396864512', '164.1177127936', '2021-10-02 23:36:30',         '423.27', '0');
INSERT INTO transaction (id, credit_card_id, company_id, user_id, lat, longitude, timestamp, amount, declined) VALUES (        'EB46D6A6-0851-FA55-1292-DB04B2684794', 'CcU-2959', 'b-2346', '92', '-73.4025116672', '38.0525838336', '2021-07-03 19:05:48',         '166.23', '0');
INSERT INTO transaction (id, credit_card_id, company_id, user_id, lat, longitude, timestamp, amount, declined) VALUES (        '95E6F678-3731-28A5-EB21-1A8D2D016BCB', 'CcU-2959', 'b-2346', '92', '16.5772985344', '-123.7768577024', '2022-03-04 02:48:32',         '192.13', '0');
INSERT INTO transaction (id, credit_card_id, company_id, user_id, lat, longitude, timestamp, amount, declined) VALUES (        'DB49DD45-6B1E-A151-5881-BDE2DC2965C0', 'CcU-2959', 'b-2362', '92', '-89.8247949312', '-160.1658118144', '2021-05-23 02:46:05',         '302.82', '0');
INSERT INTO transaction (id, credit_card_id, company_id, user_id, lat, longitude, timestamp, amount, declined) VALUES (        '9F698741-2C27-2C18-9CD3-E3C7F9FBE1CB', 'CcU-2959', 'b-2362', '92', '79.1861485568', '-103.3300302848', '2021-12-10 17:54:22',         '84.2', '0');
INSERT INTO transaction (id, credit_card_id, company_id, user_id, lat, longitude, timestamp, amount, declined) VALUES (        '88A74E4E-D317-3F69-86A2-57849C548E71', 'CcU-2959', 'b-2362', '92', '-6.9985123328', '-38.938115584', '2021-12-16 17:20:36',         '412.56', '0');
INSERT INTO transaction (id, credit_card_id, company_id, user_id, lat, longitude, timestamp, amount, declined) VALUES (        '8028392D-6B8B-C3A3-4E16-E86603AD4204', 'CcU-2959', 'b-2362', '92', '39.5092320256', '138.794413568', '2021-12-02 11:11:08',         '409.94', '0');
INSERT INTO transaction (id, credit_card_id, company_id, user_id, lat, longitude, timestamp, amount, declined) VALUES (        '1998A483-B4CD-FAE6-745C-8F2F2EB77A8E', 'CcU-2959', 'b-2362', '92', '-6.7704711168', '128.6790122496', '2021-08-29 10:53:03',         '372.58', '0');
INSERT INTO transaction (id, credit_card_id, company_id, user_id, lat, longitude, timestamp, amount, declined) VALUES (        'A89D4669-57D3-2ED8-5E49-BDC1293B0BBB', 'CcU-2959', 'b-2362', '92', '51.9699966976', '5.5534844928', '2021-10-28 16:28:20',         '122.9', '0');
INSERT INTO transaction (id, credit_card_id, company_id, user_id, lat, longitude, timestamp, amount, declined) VALUES (        '2A37F5B3-11D8-3BA4-6E94-B7407D91942C', 'CcU-2959', 'b-2362', '92', '-81.8177120256', '-65.9639804928', '2022-01-10 20:31:41',         '83.19', '0');
INSERT INTO transaction (id, credit_card_id, company_id, user_id, lat, longitude, timestamp, amount, declined) VALUES (        'D2BA2DBB-ED84-B809-6198-E8461BE35646', 'CcU-2959', 'b-2362', '92', '-23.9645498368', '-137.0453851136', '2021-04-21 23:05:52',         '77.16', '0');
INSERT INTO transaction (id, credit_card_id, company_id, user_id, lat, longitude, timestamp, amount, declined) VALUES (        '69D90229-AD26-43C3-5AAF-8D332D3B3E62', 'CcU-2959', 'b-2362', '92', '4.0753650688', '129.7231412224', '2022-03-16 14:01:36',         '329.03', '0');
INSERT INTO transaction (id, credit_card_id, company_id, user_id, lat, longitude, timestamp, amount, declined) VALUES (        '83A757C6-A262-AECA-6AC3-5FBA32AB7329', 'CcU-2959', 'b-2362', '92', '-55.1607783424', '-117.3579845632', '2021-09-08 22:25:31',         '212.41', '0');
INSERT INTO transaction (id, credit_card_id, company_id, user_id, lat, longitude, timestamp, amount, declined) VALUES (        'AD85A78A-8829-5746-93A0-8B7A792EBC18', 'CcU-2938', 'b-2362', '92', '25.5502450688', '-142.6244872192', '2022-03-12 09:23:10',         '263.59', '0');
INSERT INTO transaction (id, credit_card_id, company_id, user_id, lat, longitude, timestamp, amount, declined) VALUES (        '26D8A738-B651-A620-1EEA-D8E2CD353BEB', 'CcU-2938', 'b-2362', '92', '15.687149568', '25.2507497472', '2021-05-28 15:21:36',         '238.99', '0');
INSERT INTO transaction (id, credit_card_id, company_id, user_id, lat, longitude, timestamp, amount, declined) VALUES (        '185C9F2C-67A2-8EC0-0BB6-93789CC59F05', 'CcU-2938', 'b-2362', '92', '9.5592757248', '165.7262669824', '2021-07-25 12:34:59',         '285.24', '0');
INSERT INTO transaction (id, credit_card_id, company_id, user_id, lat, longitude, timestamp, amount, declined) VALUES (        'D3831AE1-A50D-1541-AF7B-EE75529F278A', 'CcU-2938', 'b-2362', '92', '51.683457536', '146.8069909504', '2021-05-19 01:05:28',         '234.74', '0');
INSERT INTO transaction (id, credit_card_id, company_id, user_id, lat, longitude, timestamp, amount, declined) VALUES (        '87D22108-C911-AC97-A3BE-B91C1DEEAE79', 'CcU-2938', 'b-2362', '92', '-25.6402341888', '-74.1919625216', '2021-03-23 01:12:06',         '415.42', '0');
INSERT INTO transaction (id, credit_card_id, company_id, user_id, lat, longitude, timestamp, amount, declined) VALUES (        '02C6201E-D90A-1859-B4EE-88D2986D3B02', 'CcU-2938', 'b-2362', '92', '81.9184589824', '-12.5275561984', '2021-08-28 23:42:24',         '466.92', '0');
INSERT INTO transaction (id, credit_card_id, company_id, user_id, lat, longitude, timestamp, amount, declined) VALUES (        '6575E457-EF8B-B50A-AD85-68ED6FE98BE1', 'CcU-2938', 'b-2362', '92', '-79.988224512', '-45.7529433088', '2021-10-24 01:29:53',         '297.16', '0');
INSERT INTO transaction (id, credit_card_id, company_id, user_id, lat, longitude, timestamp, amount, declined) VALUES (        '644264C8-A268-C3C5-5929-958C49CBC926', 'CcU-2938', 'b-2362', '92', '20.9825734656', '25.799645696', '2021-04-18 11:05:12',         '34.55', '0');
INSERT INTO transaction (id, credit_card_id, company_id, user_id, lat, longitude, timestamp, amount, declined) VALUES (        '9B9F8626-8BA7-45E2-CE6D-CD16D0ED80E4', 'CcU-2938', 'b-2362', '92', '55.33201408', '16.3458040832', '2021-07-03 19:56:27',         '372.23', '0');
INSERT INTO transaction (id, credit_card_id, company_id, user_id, lat, longitude, timestamp, amount, declined) VALUES (        '17561134-37A4-E316-2C3C-C5541EDAD761', 'CcU-2938', 'b-2362', '92', '-10.8528569344', '18.0969486336', '2021-09-15 05:23:32',         '371.57', '0');
INSERT INTO transaction (id, credit_card_id, company_id, user_id, lat, longitude, timestamp, amount, declined) VALUES (        'C3516B1E-4923-B2DF-E6E2-B07548480CCF', 'CcU-2938', 'b-2362', '91', '27.7145867264', '133.7281160192', '2021-09-18 00:31:49',         '247.13', '0');
INSERT INTO transaction (id, credit_card_id, company_id, user_id, lat, longitude, timestamp, amount, declined) VALUES (        'EFEECC2E-2A69-AB33-D599-E82AA689E3B3', 'CcU-2938', 'b-2362', '90', '2.5090881536', '-91.8213536768', '2021-07-11 00:19:27',         '394.59', '0');
INSERT INTO transaction (id, credit_card_id, company_id, user_id, lat, longitude, timestamp, amount, declined) VALUES (        '55166D02-D74C-6A63-6C54-8678467649B4', 'CcU-2938', 'b-2362', '89', '-31.5170302976', '-168.5745020928', '2022-02-24 11:01:42',         '186.12', '0');
INSERT INTO transaction (id, credit_card_id, company_id, user_id, lat, longitude, timestamp, amount, declined) VALUES (        'E6873589-5339-4189-E984-9F4B54C844A4', 'CcU-2938', 'b-2362', '88', '-70.210527232', '-46.1508482048', '2021-09-28 02:24:34',         '199.83', '0');
INSERT INTO transaction (id, credit_card_id, company_id, user_id, lat, longitude, timestamp, amount, declined) VALUES (        '18B2472B-DA8B-36F7-B0F2-7DDA688B73D1', 'CcU-2938', 'b-2362', '87', '-41.772207616', '98.2897368064', '2021-09-24 08:33:44',         '391.38', '0');
INSERT INTO transaction (id, credit_card_id, company_id, user_id, lat, longitude, timestamp, amount, declined) VALUES (        'C9185110-96F7-193C-D4B4-D1086A63744A', 'CcU-2938', 'b-2362', '86', '-39.3218968576', '-10.4055994368', '2021-10-17 03:52:48',         '390.67', '0');
INSERT INTO transaction (id, credit_card_id, company_id, user_id, lat, longitude, timestamp, amount, declined) VALUES (        '85068503-9D65-6978-D3C4-8E4A8A1B9A3C', 'CcU-2938', 'b-2362', '85', '82.3480390656', '-20.586619904', '2021-04-01 07:27:49',         '306.94', '0');
INSERT INTO transaction (id, credit_card_id, company_id, user_id, lat, longitude, timestamp, amount, declined) VALUES (        'F1A598A2-86C5-50A9-F1CE-FB1D69866C39', 'CcU-2938', 'b-2362', '84', '-65.1240208384', '31.0336632832', '2022-03-09 20:53:59',         '229.65', '0');
INSERT INTO transaction (id, credit_card_id, company_id, user_id, lat, longitude, timestamp, amount, declined) VALUES (        'AC777376-9329-BE65-285C-505D7C83A262', 'CcU-2938', 'b-2362', '83', '-14.0843895808', '-37.5475961856', '2021-07-27 17:14:52',         '330.07', '0');
INSERT INTO transaction (id, credit_card_id, company_id, user_id, lat, longitude, timestamp, amount, declined) VALUES (        '4DA5B1CE-E88C-23D1-AE6A-B7589E4FB2D5', 'CcU-2938', 'b-2362', '82', '39.2186534912', '63.5563158528', '2021-03-28 05:01:44',         '378.86', '0');
INSERT INTO transaction (id, credit_card_id, company_id, user_id, lat, longitude, timestamp, amount, declined) VALUES (        'DA247F32-9723-9BB6-B770-BC39C252CE15', 'CcU-2938', 'b-2362', '81', '-19.4670546944', '-157.9443550208', '2021-04-09 19:23:41',         '283.15', '0');
INSERT INTO transaction (id, credit_card_id, company_id, user_id, lat, longitude, timestamp, amount, declined) VALUES (        '935EBFEE-B75C-6C68-4AC3-61351035C549', 'CcU-2938', 'b-2362', '80', '5.3305776128', '-15.6520848384', '2021-07-18 08:20:59',         '20.44', '0');
INSERT INTO transaction (id, credit_card_id, company_id, user_id, lat, longitude, timestamp, amount, declined) VALUES (        'D84548D7-A8CE-3CC7-852E-1A67EF7937F7', 'CcU-3981', 'b-2362', '79', '-44.2302323712', '-80.2959301632', '2021-09-16 17:19:05',         '165.38', '0');
INSERT INTO transaction (id, credit_card_id, company_id, user_id, lat, longitude, timestamp, amount, declined) VALUES (        'B8DD4087-8749-D9A1-4E81-C28FBFD76C94', 'CcU-3981', 'b-2362', '78', '-35.0168762368', '-137.6801022976', '2021-09-02 10:50:28',         '424.18', '0');
INSERT INTO transaction (id, credit_card_id, company_id, user_id, lat, longitude, timestamp, amount, declined) VALUES (        '3EB67ADC-B4F1-83C4-93E2-E8469D1A37F6', 'CcU-3981', 'b-2362', '77', '-64.6374295552', '-99.9423689728', '2021-12-23 20:25:16',         '33.1', '0');
INSERT INTO transaction (id, credit_card_id, company_id, user_id, lat, longitude, timestamp, amount, declined) VALUES (        '88A92E6E-863C-A9AA-D832-B46BF23597CE', 'CcU-3981', 'b-2362', '76', '71.6826361856', '63.3574863872', '2022-02-14 13:56:12',         '248.11', '0');
INSERT INTO transaction (id, credit_card_id, company_id, user_id, lat, longitude, timestamp, amount, declined) VALUES (        'CAD3A46C-AA37-967D-A1BA-5C490488D9AC', 'CcU-3981', 'b-2362', '75', '-24.9745613824', '58.205023232', '2021-06-17 14:32:44',         '21.97', '0');
INSERT INTO transaction (id, credit_card_id, company_id, user_id, lat, longitude, timestamp, amount, declined) VALUES (        '5ED7CB81-3126-AD69-E8D8-ACC187976BBB', 'CcU-3981', 'b-2362', '74', '41.440500736', '71.0664208384', '2021-12-20 08:05:47',         '481.75', '0');
INSERT INTO transaction (id, credit_card_id, company_id, user_id, lat, longitude, timestamp, amount, declined) VALUES (        'E68665E5-5CB3-3325-9AE2-24B1E11353D2', 'CcU-3981', 'b-2362', '73', '36.9186917376', '-109.359832576', '2021-09-21 11:54:31',         '317.04', '0');
INSERT INTO transaction (id, credit_card_id, company_id, user_id, lat, longitude, timestamp, amount, declined) VALUES (        'D938FE61-B342-04B6-78A7-C9FA57B590AA', 'CcU-3981', 'b-2362', '72', '-66.9629433856', '5.1578479616', '2021-08-06 11:27:14',         '330.9', '0');
INSERT INTO transaction (id, credit_card_id, company_id, user_id, lat, longitude, timestamp, amount, declined) VALUES (        '7BA8EED9-5129-BC22-1BBC-1E832192D5C4', 'CcU-3981', 'b-2362', '71', '-6.712328192', '104.2749416448', '2022-02-03 18:30:19',         '159.14', '0');
INSERT INTO transaction (id, credit_card_id, company_id, user_id, lat, longitude, timestamp, amount, declined) VALUES (        '5ED6188E-9C6F-3B05-DE49-41543384BDF7', 'CcU-3981', 'b-2362', '70', '-10.612711424', '-140.1277119488', '2021-12-27 07:57:55',         '389.7', '0');
INSERT INTO transaction (id, credit_card_id, company_id, user_id, lat, longitude, timestamp, amount, declined) VALUES (        'D8FF8171-7166-24CA-3936-576581686158', 'CcU-3981', 'b-2362', '69', '65.1389412352', '32.423115264', '2021-12-29 17:33:42',         '223.53', '0');
INSERT INTO transaction (id, credit_card_id, company_id, user_id, lat, longitude, timestamp, amount, declined) VALUES (        '11ABED97-EA12-1B9A-96F0-A93ACC172179', 'CcU-3981', 'b-2362', '68', '-78.8402023424', '8.7618164736', '2021-07-14 20:55:48',         '157.2', '0');
INSERT INTO transaction (id, credit_card_id, company_id, user_id, lat, longitude, timestamp, amount, declined) VALUES (        'B31AC3BB-1529-B0CE-C385-41CDFF671921', 'CcU-3981', 'b-2362', '67', '29.642832896', '-158.1350552576', '2021-08-09 06:29:19',         '114.58', '0');
INSERT INTO transaction (id, credit_card_id, company_id, user_id, lat, longitude, timestamp, amount, declined) VALUES (        '2660D3B8-0B2C-AEBA-A891-95433968CF71', 'CcU-3981', 'b-2362', '66', '38.693677568', '1.8788864', '2021-12-01 02:29:51',         '381.17', '0');
INSERT INTO transaction (id, credit_card_id, company_id, user_id, lat, longitude, timestamp, amount, declined) VALUES (        '18B1AD88-F155-45B7-D2EA-4738407435D6', 'CcU-3981', 'b-2362', '65', '36.2907927552', '-128.820916224', '2021-11-26 20:26:07',         '268.48', '0');
INSERT INTO transaction (id, credit_card_id, company_id, user_id, lat, longitude, timestamp, amount, declined) VALUES (        'E3E941D3-0866-2E6F-85D7-A2F21E79A215', 'CcU-3981', 'b-2362', '64', '-25.4470224896', '-21.2186310656', '2021-09-23 10:02:57',         '471.47', '0');
INSERT INTO transaction (id, credit_card_id, company_id, user_id, lat, longitude, timestamp, amount, declined) VALUES (        'DA7A5D76-448A-678E-4836-465C8B963F4E', 'CcU-4093', 'b-2362', '63', '45.5819088896', '94.5767262208', '2022-02-19 17:58:33',         '82.43', '0');
INSERT INTO transaction (id, credit_card_id, company_id, user_id, lat, longitude, timestamp, amount, declined) VALUES (        '44D0BBB1-975E-86AA-75DA-BDAFED65F368', 'CcU-4093', 'b-2362', '62', '34.5966703616', '161.5931583488', '2021-07-20 08:47:44',         '133.39', '0');
INSERT INTO transaction (id, credit_card_id, company_id, user_id, lat, longitude, timestamp, amount, declined) VALUES (        'A2CD7827-4C8D-9E71-8549-262833307BF1', 'CcU-4093', 'b-2362', '61', '-4.3387579392', '6.8932369408', '2021-05-25 14:06:45',         '460.82', '0');
INSERT INTO transaction (id, credit_card_id, company_id, user_id, lat, longitude, timestamp, amount, declined) VALUES (        '8BCE9908-6D44-B7DB-D363-D468A2DF3A25', 'CcU-4093', 'b-2362', '60', '-0.1950178304', '22.3898129408', '2022-02-16 21:45:08',         '156.23', '0');
INSERT INTO transaction (id, credit_card_id, company_id, user_id, lat, longitude, timestamp, amount, declined) VALUES (        'EA2C3281-C9C1-A387-44F8-729FB4B51C76', 'CcU-2938', 'b-2222', '275', '20.2004310016', '-116.8400644096', '2021-05-09 10:25:08',         '119.36', '1');
INSERT INTO transaction (id, credit_card_id, company_id, user_id, lat, longitude, timestamp, amount, declined) VALUES (        'FE96CE47-BD59-381C-4E18-E3CA3D44E8FF', 'CcU-2945', 'b-2226', '275', '-21.8805424128', '-112.5880026112', '2021-06-15 00:26:29',         '480.13', '1');
INSERT INTO transaction (id, credit_card_id, company_id, user_id, lat, longitude, timestamp, amount, declined) VALUES (        '8768FDE2-A231-B916-8644-F7DCD13CAFC2', 'CcU-2952', 'b-2230', '275', '82.4588025856', '141.3006697472', '2021-05-06 05:33:39',         '460.38', '1');
INSERT INTO transaction (id, credit_card_id, company_id, user_id, lat, longitude, timestamp, amount, declined) VALUES (        '0DD2E608-5C9E-D1B3-4999-B99F43AD735A', 'CcU-2959', 'b-2234', '275', '9.6881091584', '130.282389504', '2021-04-17 05:30:17',         '252.47', '1');
INSERT INTO transaction (id, credit_card_id, company_id, user_id, lat, longitude, timestamp, amount, declined) VALUES (        'D6419ECE-BE11-7DFE-DEC7-1A2E695B19EB', 'CcU-2966', 'b-2238', '275', '-28.2176536576', '-72.0755146752', '2021-06-02 06:19:00',         '401.53', '1');
INSERT INTO transaction (id, credit_card_id, company_id, user_id, lat, longitude, timestamp, amount, declined) VALUES (        '52B1839C-D594-EB3D-4A72-730B1C8B08F4', 'CcU-2973', 'b-2242', '275', '-55.815092224', '-139.5857887232', '2021-07-31 23:03:21',         '364.61', '1');
INSERT INTO transaction (id, credit_card_id, company_id, user_id, lat, longitude, timestamp, amount, declined) VALUES (        'ACD2011A-A2B1-C365-41E1-2AB00C65147A', 'CcU-2980', 'b-2246', '275', '-54.4791816192', '-82.7974139904', '2022-03-05 20:41:20',         '60.07', '1');
INSERT INTO transaction (id, credit_card_id, company_id, user_id, lat, longitude, timestamp, amount, declined) VALUES (        'D9B3BB97-CA11-FBC7-90A1-A948B599A3C8', 'CcU-2987', 'b-2250', '275', '57.149390848', '119.8166908928', '2021-05-18 12:03:25',         '197.65', '1');
INSERT INTO transaction (id, credit_card_id, company_id, user_id, lat, longitude, timestamp, amount, declined) VALUES (        'BABBBE60-3709-7C4A-B5E1-74CB260A93EA', 'CcU-2994', 'b-2254', '275', '-46.7229174784', '42.0159440896', '2021-08-13 13:44:05',         '321.29', '1');
INSERT INTO transaction (id, credit_card_id, company_id, user_id, lat, longitude, timestamp, amount, declined) VALUES (        '7C90B646-75AD-A3BC-E3D2-6F8F4E935F34', 'CcU-3001', 'b-2258', '275', '-32.117522944', '9.67780864', '2021-10-13 11:30:20',         '439.72', '1');
INSERT INTO transaction (id, credit_card_id, company_id, user_id, lat, longitude, timestamp, amount, declined) VALUES (        '8438C66C-4964-D73D-6839-24F2CDAA5828', 'CcU-3008', 'b-2262', '275', '39.1595517952', '-60.315654144', '2021-03-29 16:15:13',         '239.75', '1');
INSERT INTO transaction (id, credit_card_id, company_id, user_id, lat, longitude, timestamp, amount, declined) VALUES (        '37C2603F-412A-E0E9-DEB7-BE2982B5CE0D', 'CcU-3015', 'b-2266', '275', '17.755204096', '-147.1599401984', '2022-01-02 16:59:28',         '51.76', '1');
INSERT INTO transaction (id, credit_card_id, company_id, user_id, lat, longitude, timestamp, amount, declined) VALUES (        '66B35B95-C39C-684B-7BCD-CA45E2C7CD4E', 'CcU-3022', 'b-2270', '275', '-82.7325543424', '149.646705152', '2022-01-31 11:33:27',         '257.04', '1');
INSERT INTO transaction (id, credit_card_id, company_id, user_id, lat, longitude, timestamp, amount, declined) VALUES (        '45119B5D-1D54-E623-3C41-3EE30B21A04D', 'CcU-3029', 'b-2274', '275', '-55.0393834496', '-149.8459278336', '2022-02-13 16:33:50',         '33.34', '1');
INSERT INTO transaction (id, credit_card_id, company_id, user_id, lat, longitude, timestamp, amount, declined) VALUES (        'B6E5AB03-1D98-EE7D-108D-E0A2965AB147', 'CcU-3036', 'b-2278', '275', '-43.6505829376', '-131.6819802112', '2021-08-17 10:19:03',         '353.25', '1');
INSERT INTO transaction (id, credit_card_id, company_id, user_id, lat, longitude, timestamp, amount, declined) VALUES (        '35DE2442-5AEB-9C73-E8DE-BC31DEA8C4DE', 'CcU-3043', 'b-2282', '275', '57.9247218688', '145.2933779456', '2022-02-12 11:00:08',         '116.74', '1');
INSERT INTO transaction (id, credit_card_id, company_id, user_id, lat, longitude, timestamp, amount, declined) VALUES (        'A518C6E6-C671-53D0-FD31-929866A32E35', 'CcU-3050', 'b-2286', '275', '-2.3211774976', '-167.9137697792', '2021-07-19 07:13:52',         '123.94', '1');
INSERT INTO transaction (id, credit_card_id, company_id, user_id, lat, longitude, timestamp, amount, declined) VALUES (        'C9BD3AC8-CEEE-D5CD-1338-6375C2F1E69C', 'CcU-3057', 'b-2290', '275', '49.6029216768', '54.0765270016', '2021-05-29 12:44:03',         '238.19', '1');
INSERT INTO transaction (id, credit_card_id, company_id, user_id, lat, longitude, timestamp, amount, declined) VALUES (        '2EA96879-F291-A5B2-BDC8-EDEAFD054661', 'CcU-3064', 'b-2294', '275', '-76.0785744896', '-8.2985053184', '2021-08-20 05:48:42',         '108.2', '1');
INSERT INTO transaction (id, credit_card_id, company_id, user_id, lat, longitude, timestamp, amount, declined) VALUES (        '09DE92CE-6F27-2BB7-13B5-9385B2B3B8E2', 'CcU-3071', 'b-2298', '275', '71.1705612288', '10.5756752896', '2021-05-11 20:40:06',         '303.05', '1');
INSERT INTO transaction (id, credit_card_id, company_id, user_id, lat, longitude, timestamp, amount, declined) VALUES (        'E55E6DBD-788D-DC86-967E-228632CFD313', 'CcU-3078', 'b-2302', '275', '16.268562432', '-91.5667456', '2021-05-31 12:59:35',         '356.09', '1');
INSERT INTO transaction (id, credit_card_id, company_id, user_id, lat, longitude, timestamp, amount, declined) VALUES (        '97A22779-F07C-91C1-2331-BCBAD44EBA4B', 'CcU-3085', 'b-2306', '275', '43.0793683968', '84.9661696', '2021-12-02 03:22:01',         '466.55', '1');
INSERT INTO transaction (id, credit_card_id, company_id, user_id, lat, longitude, timestamp, amount, declined) VALUES (        'BC2B9A38-77B4-28CD-1FE8-14DED863E773', 'CcU-3092', 'b-2310', '275', '-78.0294714368', '18.5294777344', '2021-10-18 07:27:35',         '477.95', '1');
INSERT INTO transaction (id, credit_card_id, company_id, user_id, lat, longitude, timestamp, amount, declined) VALUES (        'D7F7744C-39EA-B921-E945-40E135484B4C', 'CcU-3099', 'b-2314', '275', '-42.5609735168', '133.845751808', '2021-10-24 20:46:00',         '105.82', '1');
INSERT INTO transaction (id, credit_card_id, company_id, user_id, lat, longitude, timestamp, amount, declined) VALUES (        'D79CC16C-F4B6-2F15-14EE-50EDF35899A1', 'CcU-3106', 'b-2318', '274', '79.396571648', '-22.0479566848', '2021-07-02 09:31:35',         '109.49', '1');
INSERT INTO transaction (id, credit_card_id, company_id, user_id, lat, longitude, timestamp, amount, declined) VALUES (        'B57F59CF-8350-864C-ECD4-652F5E7882FD', 'CcU-3113', 'b-2322', '274', '5.5939728384', '65.5966336', '2021-09-17 13:00:00',         '43.11', '1');
INSERT INTO transaction (id, credit_card_id, company_id, user_id, lat, longitude, timestamp, amount, declined) VALUES (        '4ABE3D77-BF86-12D3-E1C5-22663D37C199', 'CcU-3120', 'b-2326', '273', '-63.6086500352', '69.6022607872', '2021-11-13 04:18:28',         '38.02', '1');
INSERT INTO transaction (id, credit_card_id, company_id, user_id, lat, longitude, timestamp, amount, declined) VALUES (        '3AA66E6B-D2C4-CC71-6BF5-889E44A3D8D9', 'CcU-3127', 'b-2330', '273', '-50.8701831168', '-5.0483045376', '2021-11-09 20:35:14',         '343.5', '1');
INSERT INTO transaction (id, credit_card_id, company_id, user_id, lat, longitude, timestamp, amount, declined) VALUES (        '41A2942C-D6E1-B164-2A45-D7ED17237A3A', 'CcU-3134', 'b-2334', '272', '-44.0412059648', '101.334112256', '2021-11-07 11:38:05',         '47.15', '1');
INSERT INTO transaction (id, credit_card_id, company_id, user_id, lat, longitude, timestamp, amount, declined) VALUES (        '0BEB80B7-9D66-1707-CE4B-9DC7E71914B5', 'CcU-3141', 'b-2338', '272', '23.3264027648', '-13.6036868096', '2022-03-04 14:54:35',         '288.81', '1');
INSERT INTO transaction (id, credit_card_id, company_id, user_id, lat, longitude, timestamp, amount, declined) VALUES (        '1A1279B1-B393-3EE4-6A2E-6D8F1256A49D', 'CcU-3148', 'b-2342', '272', '61.8109274112', '4.2951022592', '2021-05-02 23:27:58',         '225.64', '1');
INSERT INTO transaction (id, credit_card_id, company_id, user_id, lat, longitude, timestamp, amount, declined) VALUES (        '10A9B07A-810C-76EB-4D15-12C6CC128037', 'CcU-3155', 'b-2346', '272', '-32.0556372992', '-76.728060928', '2021-05-16 21:00:28',         '27.85', '1');
INSERT INTO transaction (id, credit_card_id, company_id, user_id, lat, longitude, timestamp, amount, declined) VALUES (        'E2DB8D98-9328-ACDA-39A3-802C7BB36D34', 'CcU-3162', 'b-2350', '272', '30.1443388416', '114.3934164992', '2021-04-13 16:18:57',         '28.06', '1');
INSERT INTO transaction (id, credit_card_id, company_id, user_id, lat, longitude, timestamp, amount, declined) VALUES (        '9679E769-32DC-2591-B893-B4AA2D84E332', 'CcU-3169', 'b-2354', '272', '47.6643073024', '130.2015840256', '2021-06-28 11:22:10',         '186.34', '1');
INSERT INTO transaction (id, credit_card_id, company_id, user_id, lat, longitude, timestamp, amount, declined) VALUES (        '40EEC58F-C386-1B13-D59A-34216F9694E2', 'CcU-3176', 'b-2358', '272', '-85.3051235328', '169.7468863488', '2021-04-24 01:30:10',         '183.14', '1');
INSERT INTO transaction (id, credit_card_id, company_id, user_id, lat, longitude, timestamp, amount, declined) VALUES (        '748C9977-7E2E-A4EC-B272-C686D159D59B', 'CcU-3183', 'b-2362', '272', '44.925010944', '-30.5724545024', '2021-05-05 07:41:12',         '364.21', '1');
INSERT INTO transaction (id, credit_card_id, company_id, user_id, lat, longitude, timestamp, amount, declined) VALUES (        '8789DBFB-7C15-7855-8EB3-AF865244277E', 'CcU-3190', 'b-2366', '272', '82.5384406016', '-26.2858222592', '2021-06-28 06:10:20',         '266.04', '1');
INSERT INTO transaction (id, credit_card_id, company_id, user_id, lat, longitude, timestamp, amount, declined) VALUES (        '13DCC69F-EA07-E52B-8309-D474C6281E80', 'CcU-3197', 'b-2370', '272', '32.3746106368', '165.0159879168', '2021-06-02 04:10:57',         '50.09', '1');
INSERT INTO transaction (id, credit_card_id, company_id, user_id, lat, longitude, timestamp, amount, declined) VALUES (        '6D69D98A-F18A-99BD-BA86-E43C29FC5ECE', 'CcU-3204', 'b-2374', '272', '-52.3723962368', '70.1521872896', '2021-05-26 02:33:06',         '144.33', '1');
INSERT INTO transaction (id, credit_card_id, company_id, user_id, lat, longitude, timestamp, amount, declined) VALUES (        '91B2C6CB-7955-2967-F37D-10B69368AD3D', 'CcU-3211', 'b-2378', '272', '-40.727911424', '-95.1389925376', '2021-07-11 22:45:51',         '21.24', '1');
INSERT INTO transaction (id, credit_card_id, company_id, user_id, lat, longitude, timestamp, amount, declined) VALUES (        'ABB45963-34C7-8C51-4A76-CCD0DD05F548', 'CcU-3218', 'b-2382', '272', '-85.1910248448', '-136.8641506304', '2021-07-16 23:22:43',         '250.91', '1');
INSERT INTO transaction (id, credit_card_id, company_id, user_id, lat, longitude, timestamp, amount, declined) VALUES (        '07A46D48-31A3-7E87-65B9-0DA902AD109F', 'CcU-3225', 'b-2386', '272', '38.8341526528', '92.190545408', '2021-06-28 21:11:42',         '340.87', '1');
INSERT INTO transaction (id, credit_card_id, company_id, user_id, lat, longitude, timestamp, amount, declined) VALUES (        'B529B64A-B491-BDD1-75BD-CC362A009B58', 'CcU-3232', 'b-2390', '272', '16.6111968256', '32.6765908992', '2021-05-14 07:37:39',         '289.51', '1');
INSERT INTO transaction (id, credit_card_id, company_id, user_id, lat, longitude, timestamp, amount, declined) VALUES (        'AE7467A8-B8F4-6E7B-D41D-C426E4F16B75', 'CcU-3239', 'b-2394', '272', '23.510498304', '-131.8226304', '2021-08-16 20:16:44',         '116.8', '1');
INSERT INTO transaction (id, credit_card_id, company_id, user_id, lat, longitude, timestamp, amount, declined) VALUES (        'A84B14A2-2964-EFDE-A234-52B8BCAD87B7', 'CcU-3246', 'b-2398', '272', '54.5119351808', '-173.7835870208', '2021-08-23 21:50:05',         '464.29', '1');
INSERT INTO transaction (id, credit_card_id, company_id, user_id, lat, longitude, timestamp, amount, declined) VALUES (        '659112E3-A432-EF12-DCEE-947A81E53825', 'CcU-3253', 'b-2402', '272', '-37.9108890624', '-167.8728843264', '2021-09-21 11:52:55',         '210.73', '1');
INSERT INTO transaction (id, credit_card_id, company_id, user_id, lat, longitude, timestamp, amount, declined) VALUES (        'EAC77318-72E4-51E3-AB5A-9BCCBA39C8F2', 'CcU-3260', 'b-2406', '272', '24.5222327296', '61.7144969216', '2021-12-13 23:01:02',         '458.73', '1');
INSERT INTO transaction (id, credit_card_id, company_id, user_id, lat, longitude, timestamp, amount, declined) VALUES (        '79AEE4AA-8CFA-14A0-53C5-C2143C2A22E7', 'CcU-3267', 'b-2410', '272', '20.4356770816', '115.7327224832', '2022-01-18 18:07:48',         '444.91', '1');
INSERT INTO transaction (id, credit_card_id, company_id, user_id, lat, longitude, timestamp, amount, declined) VALUES (        'A8748759-CE49-BEDD-D5B3-EB5B3C38A2A5', 'CcU-3274', 'b-2414', '272', '7.5408648192', '-149.6746314752', '2021-03-30 17:05:54',         '261.05', '1');
INSERT INTO transaction (id, credit_card_id, company_id, user_id, lat, longitude, timestamp, amount, declined) VALUES (        'FBD7E0D6-BA6B-F5BC-0CA9-EA4B8760100C', 'CcU-3281', 'b-2418', '272', '83.6755958784', '-77.435216896', '2021-04-29 14:17:50',         '207.09', '1');
INSERT INTO transaction (id, credit_card_id, company_id, user_id, lat, longitude, timestamp, amount, declined) VALUES (        '4F311D6C-13DC-489A-E153-0E2C9C3C47BA', 'CcU-3288', 'b-2422', '272', '-55.8743713792', '-88.1412839424', '2021-10-29 05:50:17',         '411.53', '1');
INSERT INTO transaction (id, credit_card_id, company_id, user_id, lat, longitude, timestamp, amount, declined) VALUES (        'C65A7836-4EC2-7C17-E22C-04D8D54A5B1A', 'CcU-3295', 'b-2426', '272', '60.693769216', '-76.8282565632', '2021-05-11 17:27:30',         '160.78', '1');
INSERT INTO transaction (id, credit_card_id, company_id, user_id, lat, longitude, timestamp, amount, declined) VALUES (        '70432CEF-BFC6-6827-037C-89013205B2C8', 'CcU-3302', 'b-2430', '272', '-26.5135981568', '-66.34659584', '2021-05-11 12:22:18',         '422.05', '1');
INSERT INTO transaction (id, credit_card_id, company_id, user_id, lat, longitude, timestamp, amount, declined) VALUES (        '0C7C3A33-9947-3BC1-846D-7BE3D0D17598', 'CcU-3309', 'b-2434', '272', '63.3614763008', '-68.6666633216', '2021-04-10 20:58:41',         '103.44', '1');
INSERT INTO transaction (id, credit_card_id, company_id, user_id, lat, longitude, timestamp, amount, declined) VALUES (        '79F26AC9-5EEE-1AF1-444A-3A012EDD45EF', 'CcU-3316', 'b-2438', '272', '-28.4268931072', '172.001733632', '2021-06-30 18:07:45',         '76.95', '1');
INSERT INTO transaction (id, credit_card_id, company_id, user_id, lat, longitude, timestamp, amount, declined) VALUES (        'D233A5A4-E618-32AA-B9CB-55C7A8E84359', 'CcU-3323', 'b-2442', '272', '83.6613469184', '-177.4335742976', '2021-11-25 07:14:27',         '21.93', '1');
INSERT INTO transaction (id, credit_card_id, company_id, user_id, lat, longitude, timestamp, amount, declined) VALUES (        'BD41DCE3-9AD6-D311-63A8-4B7488584F8A', 'CcU-3330', 'b-2446', '272', '60.81752576', '25.2117036032', '2021-04-11 08:38:48',         '387.74', '1');
INSERT INTO transaction (id, credit_card_id, company_id, user_id, lat, longitude, timestamp, amount, declined) VALUES (        '357BB633-3C33-A9D3-B8CD-9DDE75951893', 'CcU-3337', 'b-2450', '272', '71.0722010112', '-169.9183079424', '2021-09-16 16:06:40',         '399.12', '1');
INSERT INTO transaction (id, credit_card_id, company_id, user_id, lat, longitude, timestamp, amount, declined) VALUES (        'A1ABDB2E-4E96-3D0D-2E4C-B19425290943', 'CcU-3344', 'b-2454', '272', '24.7104031744', '163.1903305728', '2022-03-02 19:42:05',         '443.11', '1');
INSERT INTO transaction (id, credit_card_id, company_id, user_id, lat, longitude, timestamp, amount, declined) VALUES (        'DAB2D839-5B54-901B-6651-995911BFAEEA', 'CcU-3351', 'b-2458', '272', '25.7486047232', '-35.0837137408', '2021-06-21 16:18:14',         '471.54', '1');
INSERT INTO transaction (id, credit_card_id, company_id, user_id, lat, longitude, timestamp, amount, declined) VALUES (        'F28E106B-5418-4667-9514-2E2A823ECC65', 'CcU-3358', 'b-2462', '272', '-55.949615104', '-11.6066209792', '2022-03-05 06:54:37',         '114.89', '1');
INSERT INTO transaction (id, credit_card_id, company_id, user_id, lat, longitude, timestamp, amount, declined) VALUES (        '13FBB312-B283-7976-DA47-14DE5986218A', 'CcU-3365', 'b-2466', '272', '20.2368777216', '-117.8845119488', '2021-10-30 13:42:44',         '80.58', '1');
INSERT INTO transaction (id, credit_card_id, company_id, user_id, lat, longitude, timestamp, amount, declined) VALUES (        '331A8A52-52D4-D323-0388-1A97C982E441', 'CcU-3372', 'b-2470', '272', '23.1461133312', '11.1917657088', '2021-08-12 14:31:26',         '144.26', '1');
INSERT INTO transaction (id, credit_card_id, company_id, user_id, lat, longitude, timestamp, amount, declined) VALUES (        '232D9E61-96EC-4D47-8191-A815D5EE89FE', 'CcU-3379', 'b-2474', '272', '-28.7540007936', '38.507908096', '2021-09-25 08:40:41',         '268.89', '1');
INSERT INTO transaction (id, credit_card_id, company_id, user_id, lat, longitude, timestamp, amount, declined) VALUES (        'B9D1E653-C396-DBE8-09E6-D754A877104E', 'CcU-3386', 'b-2478', '272', '73.3401110528', '-153.8094820352', '2022-02-19 11:35:41',         '131.21', '1');
INSERT INTO transaction (id, credit_card_id, company_id, user_id, lat, longitude, timestamp, amount, declined) VALUES (        'A02DC5D8-F7C6-EAE3-C038-32488538F6BD', 'CcU-3393', 'b-2482', '272', '9.9666479104', '-108.709344256', '2022-02-19 17:24:18',         '153.89', '1');
INSERT INTO transaction (id, credit_card_id, company_id, user_id, lat, longitude, timestamp, amount, declined) VALUES (        'A6EBADAE-2E18-2FD5-0359-C3C2BBDBAB04', 'CcU-3400', 'b-2486', '271', '-29.5855183872', '-164.932618752', '2021-04-21 08:51:28',         '328.03', '1');
INSERT INTO transaction (id, credit_card_id, company_id, user_id, lat, longitude, timestamp, amount, declined) VALUES (        '133B82CC-DE62-8604-2D11-3DC5449E0A5F', 'CcU-3407', 'b-2490', '271', '62.3246354432', '101.0166728704', '2021-04-02 05:17:46',         '348.88', '1');
INSERT INTO transaction (id, credit_card_id, company_id, user_id, lat, longitude, timestamp, amount, declined) VALUES (        'E8954683-8BAA-B66B-C641-5695425586DC', 'CcU-3414', 'b-2494', '270', '-36.1433602048', '138.0052504576', '2021-04-26 09:25:20',         '128.13', '1');
INSERT INTO transaction (id, credit_card_id, company_id, user_id, lat, longitude, timestamp, amount, declined) VALUES (        '500321C3-A747-2C44-8AE5-5BAC73A663D5', 'CcU-3421', 'b-2498', '270', '38.0135986176', '155.5270841344', '2021-06-15 17:59:59',         '329.18', '1');
INSERT INTO transaction (id, credit_card_id, company_id, user_id, lat, longitude, timestamp, amount, declined) VALUES (        '7122EA62-2DD9-C622-23C1-B8B555EE5B77', 'CcU-3428', 'b-2502', '269', '9.8095428608', '103.94210816', '2021-11-11 01:06:41',         '92.25', '1');
INSERT INTO transaction (id, credit_card_id, company_id, user_id, lat, longitude, timestamp, amount, declined) VALUES (        '0CE957A6-CCAA-2B7A-6839-8A4B1B324853', 'CcU-3435', 'b-2506', '269', '-69.3537422336', '-10.2600429568', '2022-02-02 07:29:36',         '428.69', '1');
INSERT INTO transaction (id, credit_card_id, company_id, user_id, lat, longitude, timestamp, amount, declined) VALUES (        '39C889EA-B158-242A-0B79-E28E8B3A2342', 'CcU-3442', 'b-2510', '268', '65.4226123776', '168.0052610048', '2021-06-02 21:07:59',         '365.95', '1');
INSERT INTO transaction (id, credit_card_id, company_id, user_id, lat, longitude, timestamp, amount, declined) VALUES (        'ED1CFB7D-E626-CE54-57A1-A036778B5E1F', 'CcU-3449', 'b-2514', '268', '9.7530625024', '-134.7179451392', '2021-11-28 23:27:04',         '230.41', '1');
INSERT INTO transaction (id, credit_card_id, company_id, user_id, lat, longitude, timestamp, amount, declined) VALUES (        '943113EA-A763-9D81-0594-37159E119857', 'CcU-3456', 'b-2518', '267', '76.2816222208', '135.9522561024', '2021-11-04 16:38:23',         '439.91', '1');
INSERT INTO transaction (id, credit_card_id, company_id, user_id, lat, longitude, timestamp, amount, declined) VALUES (        '55B6A583-1E05-6B1F-BE39-36F44786BEFE', 'CcU-3463', 'b-2522', '267', '-34.501721088', '-6.433703936', '2022-03-09 04:15:58',         '470.03', '1');
INSERT INTO transaction (id, credit_card_id, company_id, user_id, lat, longitude, timestamp, amount, declined) VALUES (        '73A71CC9-4812-F2BF-4561-3B248FC6E806', 'CcU-3470', 'b-2526', '267', '25.630879744', '-65.5359982592', '2021-06-16 09:58:07',         '454.76', '1');
INSERT INTO transaction (id, credit_card_id, company_id, user_id, lat, longitude, timestamp, amount, declined) VALUES (        'A8B58331-8394-8277-4654-F95887136692', 'CcU-3477', 'b-2530', '267', '-36.2934695936', '-87.084058112', '2021-07-16 02:28:34',         '54.22', '1');
INSERT INTO transaction (id, credit_card_id, company_id, user_id, lat, longitude, timestamp, amount, declined) VALUES (        '8626BAB9-6D87-C136-8E8E-61D3F2FACEA6', 'CcU-3484', 'b-2534', '267', '-41.8894038016', '24.6466080768', '2021-07-29 11:04:25',         '359.7', '1');
INSERT INTO transaction (id, credit_card_id, company_id, user_id, lat, longitude, timestamp, amount, declined) VALUES (        'E6512B38-3AB7-7128-77D9-0C38641CD951', 'CcU-3491', 'b-2538', '267', '-16.1929091072', '169.466514944', '2021-08-27 06:16:46',         '199.71', '1');
INSERT INTO transaction (id, credit_card_id, company_id, user_id, lat, longitude, timestamp, amount, declined) VALUES (        'C65220DF-35E3-CC92-34D5-E9469AB61042', 'CcU-3498', 'b-2542', '267', '-86.128508416', '-1.5043323904', '2021-09-04 15:52:50',         '57.04', '1');
INSERT INTO transaction (id, credit_card_id, company_id, user_id, lat, longitude, timestamp, amount, declined) VALUES (        '1517E8A8-8B44-A7C9-6691-692C27D0DC2C', 'CcU-3505', 'b-2546', '267', '-70.0483903488', '-44.5028681728', '2021-03-23 01:58:34',         '259.51', '1');
INSERT INTO transaction (id, credit_card_id, company_id, user_id, lat, longitude, timestamp, amount, declined) VALUES (        'C1DCC32D-E42A-F2D6-17AD-FF4A639A9B5A', 'CcU-3512', 'b-2550', '267', '-63.6502286336', '-45.7184413696', '2021-12-22 08:35:00',         '59.63', '1');
INSERT INTO transaction (id, credit_card_id, company_id, user_id, lat, longitude, timestamp, amount, declined) VALUES (        '5C3A8A3D-8974-40A6-A8AF-C1F7AA6B7C94', 'CcU-3519', 'b-2554', '267', '15.1828036608', '165.6621228032', '2021-07-23 15:35:14',         '158.05', '1');
INSERT INTO transaction (id, credit_card_id, company_id, user_id, lat, longitude, timestamp, amount, declined) VALUES (        'D6EB93C6-5733-84C8-FDD6-57BA4136E528', 'CcU-3526', 'b-2558', '267', '-50.4829856768', '13.7144250368', '2021-04-22 12:37:13',         '15.38', '1');
INSERT INTO transaction (id, credit_card_id, company_id, user_id, lat, longitude, timestamp, amount, declined) VALUES (        'A4D0D84F-4622-BB83-E6B6-51E545D4A217', 'CcU-3533', 'b-2562', '267', '-24.640382976', '-69.8769690624', '2021-05-14 16:59:27',         '395.81', '1');
INSERT INTO transaction (id, credit_card_id, company_id, user_id, lat, longitude, timestamp, amount, declined) VALUES (        '9FBB3D61-D3C2-E5BB-4BC3-6CC83C718D34', 'CcU-3540', 'b-2566', '267', '75.2116721664', '-171.044656128', '2021-04-19 21:33:41',         '490.19', '1'); 







SET foreign_key_checks = 0 ;
ALTER TABLE transaction 
ADD foreign key (credit_card_id) REFERENCES credit_card(id);
SET foreign_key_checks = 1 ;

SET foreign_key_checks = 0 ;
ALTER TABLE transaction 
ADD foreign key (user_id) REFERENCES user(id);
SET foreign_key_checks = 1 ;

SET foreign_key_checks = 0 ;
ALTER TABLE transaction
ADD FOREIGN KEY (company_id) REFERENCES company(id) ; 
SET foreign_key_checks = 1 ;


use rt;
CREATE TABLE credit_card(
    id VARCHAR(30) PRIMARY KEY,
    iban VARCHAR(150) UNIQUE ,
    pan VARCHAR(100),
    pin VARCHAR(10),
    cvv VARCHAR(30),
    expiring_date VARCHAR(20)
);

 

#ADD foreign key (id) REFERENCES credit_card(id);
#ALTER TABLE credit_card ADD INDEX idx_credit_card_id (id);
#ALTER TABLE transaction ADD FOREIGN KEY (credit_card_id) REFERENCES credit_card(id);

use rt; 

INSERT INTO credit_card (id, iban, pan, pin, cvv, expiring_date) VALUES (        'CcU-2938', 'TR301950312213576817638661', '5424465566813633', '3257', '984', '10/30/22');
INSERT INTO credit_card (id, iban, pan, pin, cvv, expiring_date) VALUES (        'CcU-2945', 'DO26854763748537475216568689', '5142423821948828', '9080', '887', '08/24/23');
INSERT INTO credit_card (id, iban, pan, pin, cvv, expiring_date) VALUES (        'CcU-2952', 'BG45IVQL52710525608255', '4556 453 55 5287', '4598', '438', '06/29/21');
INSERT INTO credit_card (id, iban, pan, pin, cvv, expiring_date) VALUES (        'CcU-2959', 'CR7242477244335841535', '372461377349375', '3583', '667', '02/24/23');
INSERT INTO credit_card (id, iban, pan, pin, cvv, expiring_date) VALUES (        'CcU-2966', 'BG72LKTQ15627628377363', '448566 886747 7265', '4900', '130', '10/29/24');
INSERT INTO credit_card (id, iban, pan, pin, cvv, expiring_date) VALUES (        'CcU-2973', 'PT87806228135092429456346', '544 58654 54343 384', '8760', '887', '01/30/25');
INSERT INTO credit_card (id, iban, pan, pin, cvv, expiring_date) VALUES (        'CcU-2980', 'DE39241881883086277136', '402400 7145845969', '5075', '596', '07/24/22');
INSERT INTO credit_card (id, iban, pan, pin, cvv, expiring_date) VALUES (        'CcU-2987', 'GE89681434837748781813', '3763 747687 76666', '2298', '797', '10/31/23');
INSERT INTO credit_card (id, iban, pan, pin, cvv, expiring_date) VALUES (        'CcU-2994', 'BH62714428368066765294', '344283273252593', '7545', '595', '02/28/22');
INSERT INTO credit_card (id, iban, pan, pin, cvv, expiring_date) VALUES (        'CcU-3001', 'CY49087426654774581266832110', '511722 924833 2244', '9562', '867', '09/16/22');
INSERT INTO credit_card (id, iban, pan, pin, cvv, expiring_date) VALUES (        'CcU-3008', 'LU507216693616119230', '4485744464433884', '1856', '740', '04/05/25');
INSERT INTO credit_card (id, iban, pan, pin, cvv, expiring_date) VALUES (        'CcU-3015', 'PS119398216295715968342456821', '3784 662233 17389', '3246', '822', '01/31/22');
INSERT INTO credit_card (id, iban, pan, pin, cvv, expiring_date) VALUES (        'CcU-3022', 'GT91695162850556977423121857', '5164 1379 4842 3951', '5610', '342', '04/25/25');
INSERT INTO credit_card (id, iban, pan, pin, cvv, expiring_date) VALUES (        'CcU-3029', 'AZ62317413982441418123739746', '3429 279566 77631', '9708', '505', '09/02/23');
INSERT INTO credit_card (id, iban, pan, pin, cvv, expiring_date) VALUES (        'CcU-3036', 'AZ39336002925842865843941994', '3768 451556 48766', '2232', '565', '10/27/25');
INSERT INTO credit_card (id, iban, pan, pin, cvv, expiring_date) VALUES (        'CcU-3043', 'TN6488143310514852179535', '455676 6437463635', '5969', '196', '06/07/25');
INSERT INTO credit_card (id, iban, pan, pin, cvv, expiring_date) VALUES (        'CcU-3050', 'FR5167744369175836831854477', '4024007123722', '4834', '126', '10/09/23');
INSERT INTO credit_card (id, iban, pan, pin, cvv, expiring_date) VALUES (        'CcU-3057', 'LU931822574697545215', '3484 621767 21237', '6805', '848', '09/14/25');
INSERT INTO credit_card (id, iban, pan, pin, cvv, expiring_date) VALUES (        'CcU-3064', 'PS146965545449253377627273133', '3467 732741 26810', '3865', '498', '06/03/25');
INSERT INTO credit_card (id, iban, pan, pin, cvv, expiring_date) VALUES (        'CcU-3071', 'NO8923814763512', '3464 789562 23352', '6625', '661', '12/20/23');
INSERT INTO credit_card (id, iban, pan, pin, cvv, expiring_date) VALUES (        'CcU-3078', 'IS025127145884623279548733', '4539 322 74 2377', '9405', '720', '03/08/23');
INSERT INTO credit_card (id, iban, pan, pin, cvv, expiring_date) VALUES (        'CcU-3085', 'BE63114723972437', '5266 3346 1135 1687', '7241', '413', '05/10/23');
INSERT INTO credit_card (id, iban, pan, pin, cvv, expiring_date) VALUES (        'CcU-3092', 'RO65LSOD1166122125447487', '3488 754223 46253', '9417', '594', '12/19/22');
INSERT INTO credit_card (id, iban, pan, pin, cvv, expiring_date) VALUES (        'CcU-3099', 'PT26105275356823705537218', '448 55418 98863 789', '5612', '564', '01/22/23');
INSERT INTO credit_card (id, iban, pan, pin, cvv, expiring_date) VALUES (        'CcU-3106', 'AT684251637751136592', '349547146395283', '9733', '209', '01/27/24');
INSERT INTO credit_card (id, iban, pan, pin, cvv, expiring_date) VALUES (        'CcU-3113', 'IE26LCGT47732173572752', '341834822877471', '9011', '287', '06/12/21');
INSERT INTO credit_card (id, iban, pan, pin, cvv, expiring_date) VALUES (        'CcU-3120', 'RS72655766666166237144', '527646 533375 6577', '7658', '265', '01/16/21');
INSERT INTO credit_card (id, iban, pan, pin, cvv, expiring_date) VALUES (        'CcU-3127', 'PT83533461438644342816864', '4716 443 46 4368', '8038', '924', '01/16/23');
INSERT INTO credit_card (id, iban, pan, pin, cvv, expiring_date) VALUES (        'CcU-3134', 'BG23MYJQ52668951824779', '5146 3453 9766 2168', '7260', '935', '08/24/25');
INSERT INTO credit_card (id, iban, pan, pin, cvv, expiring_date) VALUES (        'CcU-3141', 'CH4437804777669672438', '3775 626726 45261', '2923', '330', '05/11/24');
INSERT INTO credit_card (id, iban, pan, pin, cvv, expiring_date) VALUES (        'CcU-3148', 'FI6261403224677114', '3733 238351 51810', '2326', '333', '09/28/21');
INSERT INTO credit_card (id, iban, pan, pin, cvv, expiring_date) VALUES (        'CcU-3155', 'AD2777204763277722050982', '4532263578421', '3015', '779', '01/12/22');
INSERT INTO credit_card (id, iban, pan, pin, cvv, expiring_date) VALUES (        'CcU-3162', 'HU56074054826233730628233311', '455666 645685 4443', '5898', '603', '05/18/20');
INSERT INTO credit_card (id, iban, pan, pin, cvv, expiring_date) VALUES (        'CcU-3169', 'AT658218806585843788', '5396 2876 7721 4764', '6102', '420', '06/25/24');
INSERT INTO credit_card (id, iban, pan, pin, cvv, expiring_date) VALUES (        'CcU-3176', 'LV84DASY1039958872222', '448538 587842 4778', '4457', '707', '03/04/22');
INSERT INTO credit_card (id, iban, pan, pin, cvv, expiring_date) VALUES (        'CcU-3183', 'GE90157928843338134463', '516318 373677 5641', '6198', '327', '10/01/21');
INSERT INTO credit_card (id, iban, pan, pin, cvv, expiring_date) VALUES (        'CcU-3190', 'CZ8102824126352535629363', '4532 563 85 3433', '4359', '849', '05/07/22');
INSERT INTO credit_card (id, iban, pan, pin, cvv, expiring_date) VALUES (        'CcU-3197', 'GT02497653655330848247645975', '402 40071 75272 977', '6921', '562', '05/26/21');
INSERT INTO credit_card (id, iban, pan, pin, cvv, expiring_date) VALUES (        'CcU-3204', 'DK6124134241868111', '4716486677272', '5714', '175', '10/30/22');
INSERT INTO credit_card (id, iban, pan, pin, cvv, expiring_date) VALUES (        'CcU-3211', 'HR5688747222861164805', '556665 6465764236', '8013', '321', '04/04/22');
INSERT INTO credit_card (id, iban, pan, pin, cvv, expiring_date) VALUES (        'CcU-3218', 'GI11ORSG759765522698689', '3423 966328 58736', '9417', '701', '02/23/21');
INSERT INTO credit_card (id, iban, pan, pin, cvv, expiring_date) VALUES (        'CcU-3225', 'FI9398462343991818', '453918 9241769620', '1809', '732', '12/20/22');
INSERT INTO credit_card (id, iban, pan, pin, cvv, expiring_date) VALUES (        'CcU-3232', 'GE84848451582810541526', '5188 1243 7228 3277', '2896', '688', '10/10/20');
INSERT INTO credit_card (id, iban, pan, pin, cvv, expiring_date) VALUES (        'CcU-3239', 'TN9614563570667381893122', '375218464485646', '9547', '702', '05/29/20');
INSERT INTO credit_card (id, iban, pan, pin, cvv, expiring_date) VALUES (        'CcU-3246', 'RO30GGSJ3530721590487098', '516153 4426684869', '6641', '318', '08/01/23');
INSERT INTO credit_card (id, iban, pan, pin, cvv, expiring_date) VALUES (        'CcU-3253', 'PL80213758374176596516617081', '3774 685179 94338', '4304', '779', '04/30/20');
INSERT INTO credit_card (id, iban, pan, pin, cvv, expiring_date) VALUES (        'CcU-3260', 'CH8995351081824762557', '3787 654694 79443', '7542', '558', '04/09/21');
INSERT INTO credit_card (id, iban, pan, pin, cvv, expiring_date) VALUES (        'CcU-3267', 'LU382234224147521315', '516836 8543385453', '8444', '501', '03/06/22');
INSERT INTO credit_card (id, iban, pan, pin, cvv, expiring_date) VALUES (        'CcU-3274', 'RO05EDYS9588970569818260', '5191242916828483', '6963', '355', '06/30/21');
INSERT INTO credit_card (id, iban, pan, pin, cvv, expiring_date) VALUES (        'CcU-3281', 'MU4132333444534342541344788855', '453 96588 74883 221', '9664', '388', '09/21/23');
INSERT INTO credit_card (id, iban, pan, pin, cvv, expiring_date) VALUES (        'CcU-3288', 'GB58VMFR53393445767055', '347669879358478', '5235', '957', '06/20/21');
INSERT INTO credit_card (id, iban, pan, pin, cvv, expiring_date) VALUES (        'CcU-3295', 'LT095387880608439682', '5218 2833 5642 3285', '6016', '227', '03/24/21');
INSERT INTO credit_card (id, iban, pan, pin, cvv, expiring_date) VALUES (        'CcU-3302', 'MC4224211849356240064776625', '5363 8827 4698 5185', '6691', '847', '06/10/21');
INSERT INTO credit_card (id, iban, pan, pin, cvv, expiring_date) VALUES (        'CcU-3309', 'CR2081908447841410311', '371268842998970', '7452', '540', '04/21/20');
INSERT INTO credit_card (id, iban, pan, pin, cvv, expiring_date) VALUES (        'CcU-3316', 'NO4885859734737', '5223 3547 5234 2529', '9892', '480', '12/01/20');
INSERT INTO credit_card (id, iban, pan, pin, cvv, expiring_date) VALUES (        'CcU-3323', 'BG05UBIX63820348156559', '4716 5927 4626 2576', '8319', '860', '01/18/24');
INSERT INTO credit_card (id, iban, pan, pin, cvv, expiring_date) VALUES (        'CcU-3330', 'MK71456225556982848', '3426 166473 78887', '1254', '631', '10/18/21');
INSERT INTO credit_card (id, iban, pan, pin, cvv, expiring_date) VALUES (        'CcU-3337', 'DK0489809027732315', '5526 8745 4379 5697', '1497', '842', '04/29/24');
INSERT INTO credit_card (id, iban, pan, pin, cvv, expiring_date) VALUES (        'CcU-3344', 'EE262462329276252488', '558282 528672 3529', '5776', '864', '05/15/24');
INSERT INTO credit_card (id, iban, pan, pin, cvv, expiring_date) VALUES (        'CcU-3351', 'PS818747844912473654321393528', '374884327643662', '6695', '251', '07/31/24');
INSERT INTO credit_card (id, iban, pan, pin, cvv, expiring_date) VALUES (        'CcU-3358', 'RO76DAFO6583348580208155', '527947 395589 2842', '8149', '818', '12/05/23');
INSERT INTO credit_card (id, iban, pan, pin, cvv, expiring_date) VALUES (        'CcU-3365', 'SE0386176836596558347004', '379272817627343', '8133', '544', '05/06/20');
INSERT INTO credit_card (id, iban, pan, pin, cvv, expiring_date) VALUES (        'CcU-3372', 'NL51QOLW8088607375', '4716272885378349', '1687', '615', '10/29/23');
INSERT INTO credit_card (id, iban, pan, pin, cvv, expiring_date) VALUES (        'CcU-3379', 'PL51252032162591574552438904', '552 68987 43664 734', '4899', '738', '05/03/20');
INSERT INTO credit_card (id, iban, pan, pin, cvv, expiring_date) VALUES (        'CcU-3386', 'HR9310391623647587418', '375233562287679', '7448', '433', '01/25/25');
INSERT INTO credit_card (id, iban, pan, pin, cvv, expiring_date) VALUES (        'CcU-3393', 'VG1468087984174645729577', '4338 849 61 6580', '7375', '763', '01/23/23');
INSERT INTO credit_card (id, iban, pan, pin, cvv, expiring_date) VALUES (        'CcU-3400', 'IL632507629847612453498', '377471145232444', '9482', '780', '10/22/25');
INSERT INTO credit_card (id, iban, pan, pin, cvv, expiring_date) VALUES (        'CcU-3407', 'TR233433112075745210754794', '524567 7675544688', '6453', '746', '11/03/21');
INSERT INTO credit_card (id, iban, pan, pin, cvv, expiring_date) VALUES (        'CcU-3414', 'ME89166252329582146461', '453928 528538 8655', '6737', '851', '12/22/23');
INSERT INTO credit_card (id, iban, pan, pin, cvv, expiring_date) VALUES (        'CcU-3421', 'LI4066946571873144363', '4556742876247', '3060', '487', '07/27/20');
INSERT INTO credit_card (id, iban, pan, pin, cvv, expiring_date) VALUES (        'CcU-3428', 'BA599578388415987525', '495148 173557 2886', '9659', '191', '09/12/20');
INSERT INTO credit_card (id, iban, pan, pin, cvv, expiring_date) VALUES (        'CcU-3435', 'LV78EROL4956681623444', '348822148472492', '9572', '595', '06/25/21');
INSERT INTO credit_card (id, iban, pan, pin, cvv, expiring_date) VALUES (        'CcU-3442', 'BE95776663878029', '453 27768 65882 270', '7645', '286', '04/16/22');
INSERT INTO credit_card (id, iban, pan, pin, cvv, expiring_date) VALUES (        'CcU-3449', 'MT85NLEX14216091545625854698315', '376837365486897', '5720', '934', '06/19/22');
INSERT INTO credit_card (id, iban, pan, pin, cvv, expiring_date) VALUES (        'CcU-3456', 'IE54YHLN41108474543511', '3748 253331 42587', '6168', '581', '01/30/24');
INSERT INTO credit_card (id, iban, pan, pin, cvv, expiring_date) VALUES (        'CcU-3463', 'RS35935488614486812686', '4485654846578', '7658', '260', '01/23/25');
INSERT INTO credit_card (id, iban, pan, pin, cvv, expiring_date) VALUES (        'CcU-3470', 'IE89IFED86672789753104', '346299466774779', '7613', '275', '02/21/21');
INSERT INTO credit_card (id, iban, pan, pin, cvv, expiring_date) VALUES (        'CcU-3477', 'IE23RKTG51749960265399', '4024 007 19 5290', '9147', '416', '03/12/25');
INSERT INTO credit_card (id, iban, pan, pin, cvv, expiring_date) VALUES (        'CcU-3484', 'LB36569561338865502415531197', '5429842764757330', '5536', '285', '04/23/22');
INSERT INTO credit_card (id, iban, pan, pin, cvv, expiring_date) VALUES (        'CcU-3491', 'AL97314628168855586364314097', '372752331656560', '6110', '183', '07/31/20');
INSERT INTO credit_card (id, iban, pan, pin, cvv, expiring_date) VALUES (        'CcU-3498', 'GR7833935468496664868255555', '371276755132362', '9838', '326', '06/06/21');
INSERT INTO credit_card (id, iban, pan, pin, cvv, expiring_date) VALUES (        'CcU-3505', 'SI06256455722871242', '5347 8838 5513 8245', '8682', '179', '05/13/24');
INSERT INTO credit_card (id, iban, pan, pin, cvv, expiring_date) VALUES (        'CcU-3512', 'PT85885256815643142117247', '526 14367 47427 870', '9702', '951', '05/02/21');
INSERT INTO credit_card (id, iban, pan, pin, cvv, expiring_date) VALUES (        'CcU-3519', 'MK36979684638543263', '511276 848777 3886', '7144', '284', '09/23/25');
INSERT INTO credit_card (id, iban, pan, pin, cvv, expiring_date) VALUES (        'CcU-3526', 'DO96743453603772941249085766', '513337 2217813834', '5933', '268', '08/04/25');
INSERT INTO credit_card (id, iban, pan, pin, cvv, expiring_date) VALUES (        'CcU-3533', 'KW6888412707934027102973846441', '443 99226 84354 893', '7730', '869', '09/14/23');
INSERT INTO credit_card (id, iban, pan, pin, cvv, expiring_date) VALUES (        'CcU-3540', 'SI90187218272592688', '511 33327 92698 731', '8311', '443', '02/04/22');
INSERT INTO credit_card (id, iban, pan, pin, cvv, expiring_date) VALUES (        'CcU-3547', 'SM6828237268917825759365683', '491667 268693 3630', '5033', '568', '07/30/22');
INSERT INTO credit_card (id, iban, pan, pin, cvv, expiring_date) VALUES (        'CcU-3554', 'NL79TIEC4836352563', '557849 466856 6869', '7812', '912', '05/13/24');
INSERT INTO credit_card (id, iban, pan, pin, cvv, expiring_date) VALUES (        'CcU-3561', 'RS64388401491579277484', '375757353392355', '8154', '222', '03/01/25');
INSERT INTO credit_card (id, iban, pan, pin, cvv, expiring_date) VALUES (        'CcU-3568', 'MC8600628661601486624435735', '4916483397665390', '2746', '228', '11/10/21');
INSERT INTO credit_card (id, iban, pan, pin, cvv, expiring_date) VALUES (        'CcU-3575', 'IT649NCAHI80852756786533231', '5171546679238191', '4460', '169', '04/03/25');
INSERT INTO credit_card (id, iban, pan, pin, cvv, expiring_date) VALUES (        'CcU-3582', 'IL394364721887868723280', '448 57136 53842 361', '9315', '211', '07/18/22');
INSERT INTO credit_card (id, iban, pan, pin, cvv, expiring_date) VALUES (        'CcU-3589', 'AE640696354928782425103', '5547 2595 1345 8648', '3357', '269', '10/07/25');
INSERT INTO credit_card (id, iban, pan, pin, cvv, expiring_date) VALUES (        'CcU-3596', 'GL8941840137249247', '546793 9179522284', '7783', '788', '11/24/25');
INSERT INTO credit_card (id, iban, pan, pin, cvv, expiring_date) VALUES (        'CcU-3603', 'IT166ASABI81164333755123881', '376495785724718', '3355', '862', '01/16/25');
INSERT INTO credit_card (id, iban, pan, pin, cvv, expiring_date) VALUES (        'CcU-3610', 'AD7964354272148656432616', '4556296895569', '2949', '337', '07/06/23');
INSERT INTO credit_card (id, iban, pan, pin, cvv, expiring_date) VALUES (        'CcU-3617', 'PK6727433059762436051444', '5541642144568453', '8587', '621', '09/13/23');
INSERT INTO credit_card (id, iban, pan, pin, cvv, expiring_date) VALUES (        'CcU-3624', 'AZ05827355332482137783650782', '455626 9762898616', '4283', '227', '07/26/24');
INSERT INTO credit_card (id, iban, pan, pin, cvv, expiring_date) VALUES (        'CcU-3631', 'ME39733337786187494515', '341445795282738', '5945', '575', '03/08/24');
INSERT INTO credit_card (id, iban, pan, pin, cvv, expiring_date) VALUES (        'CcU-3638', 'FO1945990517618388', '455677 668771 8786', '1256', '575', '10/15/25');
INSERT INTO credit_card (id, iban, pan, pin, cvv, expiring_date) VALUES (        'CcU-3645', 'PS774972273648295735416650271', '345444856288771', '3688', '415', '04/17/20');
INSERT INTO credit_card (id, iban, pan, pin, cvv, expiring_date) VALUES (        'CcU-3652', 'MR6884737183646473275241354', '453 98346 22735 456', '7566', '957', '09/12/25');
INSERT INTO credit_card (id, iban, pan, pin, cvv, expiring_date) VALUES (        'CcU-3659', 'SI32664633548106291', '518373 357275 7826', '1706', '437', '01/27/24');
INSERT INTO credit_card (id, iban, pan, pin, cvv, expiring_date) VALUES (        'CcU-3666', 'DE35385647561242046858', '4556 7844 3557 4824', '4798', '930', '03/26/20');
INSERT INTO credit_card (id, iban, pan, pin, cvv, expiring_date) VALUES (        'CcU-3673', 'AL36723216264979973318818691', '534184 7628924765', '6865', '733', '11/05/24');
INSERT INTO credit_card (id, iban, pan, pin, cvv, expiring_date) VALUES (        'CcU-3680', 'MD4799721070815687888150', '5426 4337 3314 6889', '8556', '690', '01/11/23');
INSERT INTO credit_card (id, iban, pan, pin, cvv, expiring_date) VALUES (        'CcU-3687', 'CY85273661157727025863952721', '5534 7744 3362 9230', '2688', '857', '07/19/24');
INSERT INTO credit_card (id, iban, pan, pin, cvv, expiring_date) VALUES (        'CcU-3694', 'MK52333444678878011', '542 54285 91467 261', '3204', '490', '09/23/21');
INSERT INTO credit_card (id, iban, pan, pin, cvv, expiring_date) VALUES (        'CcU-3701', 'CY04215371490518737133975175', '5151 8299 6379 6361', '7846', '835', '07/20/24');
INSERT INTO credit_card (id, iban, pan, pin, cvv, expiring_date) VALUES (        'CcU-3708', 'PL39534423485707927512822536', '5383428743855876', '2311', '277', '06/15/20');
INSERT INTO credit_card (id, iban, pan, pin, cvv, expiring_date) VALUES (        'CcU-3715', 'IS389474813577187701272239', '4532 634 73 5833', '7294', '780', '06/14/24');
INSERT INTO credit_card (id, iban, pan, pin, cvv, expiring_date) VALUES (        'CcU-3722', 'SI50942306532997569', '4716688698622567', '3785', '295', '08/10/24');
INSERT INTO credit_card (id, iban, pan, pin, cvv, expiring_date) VALUES (        'CcU-3729', 'MD5723087436783068347555', '402400 7128955884', '8571', '350', '03/02/25');
INSERT INTO credit_card (id, iban, pan, pin, cvv, expiring_date) VALUES (        'CcU-3736', 'LT273037680127756677', '521 84328 88538 272', '9593', '777', '02/06/23');
INSERT INTO credit_card (id, iban, pan, pin, cvv, expiring_date) VALUES (        'CcU-3743', 'BA542358041365401657', '345537652543545', '9314', '656', '06/11/22');
INSERT INTO credit_card (id, iban, pan, pin, cvv, expiring_date) VALUES (        'CcU-3750', 'CY80138698304356192781019706', '5175965455218886', '5633', '429', '11/29/22');
INSERT INTO credit_card (id, iban, pan, pin, cvv, expiring_date) VALUES (        'CcU-3757', 'HU63856737363800384694160203', '491666 857248 5677', '8557', '789', '08/20/22');
INSERT INTO credit_card (id, iban, pan, pin, cvv, expiring_date) VALUES (        'CcU-3764', 'DO83239184883525656124257488', '535 23847 59612 247', '6546', '194', '01/18/22');
INSERT INTO credit_card (id, iban, pan, pin, cvv, expiring_date) VALUES (        'CcU-3771', 'CH6157615368246495325', '493513 2859765811', '6253', '637', '10/13/21');
INSERT INTO credit_card (id, iban, pan, pin, cvv, expiring_date) VALUES (        'CcU-3778', 'SE7813107767427189556484', '343488771836851', '9170', '487', '04/17/24');
INSERT INTO credit_card (id, iban, pan, pin, cvv, expiring_date) VALUES (        'CcU-3785', 'ME38421331246858744050', '5112727325633686', '1755', '987', '08/13/25');
INSERT INTO credit_card (id, iban, pan, pin, cvv, expiring_date) VALUES (        'CcU-3792', 'PS186411068892851253263377041', '343236737828888', '4715', '132', '09/10/22');
INSERT INTO credit_card (id, iban, pan, pin, cvv, expiring_date) VALUES (        'CcU-3799', 'GI33VVRE012659621685934', '4712967296877185', '3394', '153', '04/19/23');
INSERT INTO credit_card (id, iban, pan, pin, cvv, expiring_date) VALUES (        'CcU-3806', 'MC0538772116622833532447367', '4024007167557377', '1657', '873', '10/11/24');
INSERT INTO credit_card (id, iban, pan, pin, cvv, expiring_date) VALUES (        'CcU-3813', 'MU1854487516225689318914472171', '3721 543253 57141', '3666', '459', '05/18/20');
INSERT INTO credit_card (id, iban, pan, pin, cvv, expiring_date) VALUES (        'CcU-3820', 'AZ58645632361051026278861261', '5237 8846 5276 4657', '6211', '176', '09/05/22');
INSERT INTO credit_card (id, iban, pan, pin, cvv, expiring_date) VALUES (        'CcU-3827', 'GB30AMTO46195520479336', '491628 4555196727', '3455', '253', '07/28/25');
INSERT INTO credit_card (id, iban, pan, pin, cvv, expiring_date) VALUES (        'CcU-3834', 'GR7588113679484663257728388', '4929753568393', '6319', '737', '04/19/25');
INSERT INTO credit_card (id, iban, pan, pin, cvv, expiring_date) VALUES (        'CcU-3841', 'KW8958881954473634154801236186', '4716767637524', '8884', '391', '09/03/23');
INSERT INTO credit_card (id, iban, pan, pin, cvv, expiring_date) VALUES (        'CcU-3848', 'SI35069513568830361', '3724 884241 65462', '8885', '530', '08/02/25');
INSERT INTO credit_card (id, iban, pan, pin, cvv, expiring_date) VALUES (        'CcU-3855', 'PK3716865643513618989515', '402400 7173189785', '8304', '626', '03/27/24');
INSERT INTO credit_card (id, iban, pan, pin, cvv, expiring_date) VALUES (        'CcU-3862', 'SM6022751049715477062682363', '4024 007 11 4630', '5069', '794', '04/18/23');
INSERT INTO credit_card (id, iban, pan, pin, cvv, expiring_date) VALUES (        'CcU-3869', 'DE85364581402287146253', '448 56527 58385 670', '6328', '278', '11/21/21');
INSERT INTO credit_card (id, iban, pan, pin, cvv, expiring_date) VALUES (        'CcU-3876', 'CR2918135947128138635', '547 25687 75283 521', '4059', '874', '04/28/22');
INSERT INTO credit_card (id, iban, pan, pin, cvv, expiring_date) VALUES (        'CcU-3883', 'SA4355324713311241428302', '5293346436977121', '5182', '127', '10/12/21');
INSERT INTO credit_card (id, iban, pan, pin, cvv, expiring_date) VALUES (        'CcU-3890', 'IT983UMRNI21173872518496787', '3459 722445 78883', '3581', '181', '12/28/21');
INSERT INTO credit_card (id, iban, pan, pin, cvv, expiring_date) VALUES (        'CcU-3897', 'BG55VBGF72807401414894', '553364 973385 8484', '5510', '320', '11/14/21');
INSERT INTO credit_card (id, iban, pan, pin, cvv, expiring_date) VALUES (        'CcU-3904', 'FI7847379817377733', '3448 483212 86718', '5432', '242', '10/31/20');
INSERT INTO credit_card (id, iban, pan, pin, cvv, expiring_date) VALUES (        'CcU-3911', 'GE79113073098939546812', '378578567864345', '5551', '365', '10/27/25');
INSERT INTO credit_card (id, iban, pan, pin, cvv, expiring_date) VALUES (        'CcU-3918', 'NO4414757761220', '5567675343638684', '5616', '230', '01/16/24');
INSERT INTO credit_card (id, iban, pan, pin, cvv, expiring_date) VALUES (        'CcU-3925', 'NL40SLES4851032267', '448 56746 54875 257', '6038', '485', '03/18/20');
INSERT INTO credit_card (id, iban, pan, pin, cvv, expiring_date) VALUES (        'CcU-3932', 'GB70LNPJ38342285277448', '546 77862 58793 264', '6111', '868', '12/27/20');
INSERT INTO credit_card (id, iban, pan, pin, cvv, expiring_date) VALUES (        'CcU-3939', 'KZ104499180575629164', '549 36446 86553 362', '1498', '726', '08/10/20');
INSERT INTO credit_card (id, iban, pan, pin, cvv, expiring_date) VALUES (        'CcU-3946', 'HR1647261369237564166', '4532 5355 8673 7332', '9541', '201', '04/29/22');
INSERT INTO credit_card (id, iban, pan, pin, cvv, expiring_date) VALUES (        'CcU-3953', 'MC4255568304773564515252430', '4556 5568 8483 8623', '5511', '662', '11/02/23');
INSERT INTO credit_card (id, iban, pan, pin, cvv, expiring_date) VALUES (        'CcU-3960', 'LT053237077744561475', '4485 6453 7433 6648', '9507', '802', '04/02/21');
INSERT INTO credit_card (id, iban, pan, pin, cvv, expiring_date) VALUES (        'CcU-3967', 'LV15RGGE2148331556435', '4627729464768', '8446', '662', '11/07/24');
INSERT INTO credit_card (id, iban, pan, pin, cvv, expiring_date) VALUES (        'CcU-3974', 'MU8635574885638983527718572267', '512786 265851 7231', '7779', '355', '06/04/21');
INSERT INTO credit_card (id, iban, pan, pin, cvv, expiring_date) VALUES (        'CcU-3981', 'BH86814579285516920703', '4916227354254973', '8688', '228', '10/20/20');
INSERT INTO credit_card (id, iban, pan, pin, cvv, expiring_date) VALUES (        'CcU-3988', 'MC8666247646629382420868611', '529354 796597 4583', '5062', '646', '02/21/23');
INSERT INTO credit_card (id, iban, pan, pin, cvv, expiring_date) VALUES (        'CcU-3995', 'LI7464428182413219443', '543 68966 74594 655', '7719', '542', '04/07/24');
INSERT INTO credit_card (id, iban, pan, pin, cvv, expiring_date) VALUES (        'CcU-4002', 'CR3934465639573721674', '345886217197283', '3898', '227', '12/10/25');
INSERT INTO credit_card (id, iban, pan, pin, cvv, expiring_date) VALUES (        'CcU-4009', 'SK9446370242474562577506', '547689 878486 9655', '4268', '820', '09/30/21');
INSERT INTO credit_card (id, iban, pan, pin, cvv, expiring_date) VALUES (        'CcU-4016', 'MC9813918248828136126478487', '5587 6912 1246 7242', '5703', '258', '07/06/25');
INSERT INTO credit_card (id, iban, pan, pin, cvv, expiring_date) VALUES (        'CcU-4023', 'CY51592581594123621273159544', '455644 7854383438', '5475', '149', '08/19/24');
INSERT INTO credit_card (id, iban, pan, pin, cvv, expiring_date) VALUES (        'CcU-4030', 'HU51520639954884197894644059', '526462 632862 7750', '2679', '665', '08/22/25');
INSERT INTO credit_card (id, iban, pan, pin, cvv, expiring_date) VALUES (        'CcU-4037', 'BH81656454545158343182', '4539772524226', '9334', '902', '02/08/25');
INSERT INTO credit_card (id, iban, pan, pin, cvv, expiring_date) VALUES (        'CcU-4044', 'AL65255766650838829611407660', '556686 371762 7423', '4161', '279', '08/16/24');
INSERT INTO credit_card (id, iban, pan, pin, cvv, expiring_date) VALUES (        'CcU-4051', 'BA894455712898153048', '4539 643 69 6583', '5626', '578', '07/17/25');
INSERT INTO credit_card (id, iban, pan, pin, cvv, expiring_date) VALUES (        'CcU-4058', 'KZ376412202733109847', '533842 4553898680', '8620', '218', '09/16/23');
INSERT INTO credit_card (id, iban, pan, pin, cvv, expiring_date) VALUES (        'CcU-4065', 'TR526417795869815094868511', '453 28425 45663 249', '7800', '738', '08/08/20');
INSERT INTO credit_card (id, iban, pan, pin, cvv, expiring_date) VALUES (        'CcU-4072', 'AZ86457622571455018178415526', '526 82288 83662 623', '4558', '376', '12/03/20');
INSERT INTO credit_card (id, iban, pan, pin, cvv, expiring_date) VALUES (        'CcU-4079', 'AZ03248993733987407386489271', '543 59449 45541 757', '1833', '741', '05/11/23');
INSERT INTO credit_card (id, iban, pan, pin, cvv, expiring_date) VALUES (        'CcU-4086', 'LI6539309407187397889', '453227 751157 4585', '9440', '291', '07/25/21');
INSERT INTO credit_card (id, iban, pan, pin, cvv, expiring_date) VALUES (        'CcU-4093', 'GI98IMNL122444875373267', '3427 813242 45583', '4688', '893', '02/13/26');
INSERT INTO credit_card (id, iban, pan, pin, cvv, expiring_date) VALUES (        'CcU-4100', 'VG8474593807739539750089', '3728 223277 76753', '3676', '571', '08/19/23');
INSERT INTO credit_card (id, iban, pan, pin, cvv, expiring_date) VALUES (        'CcU-4107', 'MR9288383624277251666064411', '3484 346723 58533', '5757', '946', '07/27/22');
INSERT INTO credit_card (id, iban, pan, pin, cvv, expiring_date) VALUES (        'CcU-4114', 'MD3307836371789489654645', '512331 2837574483', '3928', '548', '03/23/22');
INSERT INTO credit_card (id, iban, pan, pin, cvv, expiring_date) VALUES (        'CcU-4121', 'LB22136126105935807432371414', '348328885683457', '1657', '311', '12/22/20');
INSERT INTO credit_card (id, iban, pan, pin, cvv, expiring_date) VALUES (        'CcU-4128', 'CY94263537405015481188625576', '531 84477 67369 689', '9543', '493', '06/23/20');
INSERT INTO credit_card (id, iban, pan, pin, cvv, expiring_date) VALUES (        'CcU-4135', 'MK28368851538688349', '342656568883952', '7949', '702', '10/18/24');
INSERT INTO credit_card (id, iban, pan, pin, cvv, expiring_date) VALUES (        'CcU-4142', 'KW7436055642163756700128861858', '373527374237224', '9253', '997', '08/03/21');
INSERT INTO credit_card (id, iban, pan, pin, cvv, expiring_date) VALUES (        'CcU-4149', 'AZ62859332370341166187843859', '4539936624499831', '5459', '477', '05/25/20');
INSERT INTO credit_card (id, iban, pan, pin, cvv, expiring_date) VALUES (        'CcU-4156', 'ES3457328958327932668290', '471688 264545 8288', '6064', '990', '03/10/25');
INSERT INTO credit_card (id, iban, pan, pin, cvv, expiring_date) VALUES (        'CcU-4163', 'SE7951484302898821300669', '4556 776 96 5734', '7098', '953', '01/11/21');
INSERT INTO credit_card (id, iban, pan, pin, cvv, expiring_date) VALUES (        'CcU-4170', 'FO8241513854141125', '3487 517469 44737', '3568', '805', '12/07/23');
INSERT INTO credit_card (id, iban, pan, pin, cvv, expiring_date) VALUES (        'CcU-4177', 'CH9552373968796160224', '373956257411822', '9267', '304', '09/12/23');
INSERT INTO credit_card (id, iban, pan, pin, cvv, expiring_date) VALUES (        'CcU-4184', 'DK5765675670768547', '3757 268529 84889', '3305', '348', '10/08/21');
INSERT INTO credit_card (id, iban, pan, pin, cvv, expiring_date) VALUES (        'CcU-4191', 'DO68192976973138848171352176', '4633651727248', '9911', '640', '02/21/23');
INSERT INTO credit_card (id, iban, pan, pin, cvv, expiring_date) VALUES (        'CcU-4198', 'MK54903280718335118', '471 69767 74983 544', '7564', '787', '09/21/23');
INSERT INTO credit_card (id, iban, pan, pin, cvv, expiring_date) VALUES (        'CcU-4205', 'LB64655537777363327873049938', '537441 4887327535', '1907', '466', '06/19/23');
INSERT INTO credit_card (id, iban, pan, pin, cvv, expiring_date) VALUES (        'CcU-4212', 'GB72JSWX57159548109499', '517964 861324 5258', '9992', '951', '08/14/22');
INSERT INTO credit_card (id, iban, pan, pin, cvv, expiring_date) VALUES (        'CcU-4219', 'MD1234119525145401270486', '4916521244969', '6190', '374', '09/15/25');
INSERT INTO credit_card (id, iban, pan, pin, cvv, expiring_date) VALUES (        'CcU-4226', 'CR7348306166727297113', '492924 3966325775', '3580', '659', '04/13/20');
INSERT INTO credit_card (id, iban, pan, pin, cvv, expiring_date) VALUES (        'CcU-4233', 'GI10TNGB218311472843723', '349284173298327', '7910', '380', '12/03/23');
INSERT INTO credit_card (id, iban, pan, pin, cvv, expiring_date) VALUES (        'CcU-4240', 'HU14165000028522870444423128', '343482733331820', '4428', '165', '06/08/22');
INSERT INTO credit_card (id, iban, pan, pin, cvv, expiring_date) VALUES (        'CcU-4247', 'PS043351233971437175221697418', '5122584253556449', '2803', '451', '09/02/20');
INSERT INTO credit_card (id, iban, pan, pin, cvv, expiring_date) VALUES (        'CcU-4254', 'LI8940154197432678354', '542585 4594298827', '3535', '150', '10/04/25');
INSERT INTO credit_card (id, iban, pan, pin, cvv, expiring_date) VALUES (        'CcU-4261', 'PL22231088720828377785042582', '4716 5331 5225 2735', '2203', '258', '11/17/25');
INSERT INTO credit_card (id, iban, pan, pin, cvv, expiring_date) VALUES (        'CcU-4268', 'RO20IQTP8772753836738261', '5182647149891853', '3855', '130', '11/13/23');
INSERT INTO credit_card (id, iban, pan, pin, cvv, expiring_date) VALUES (        'CcU-4275', 'AE491827142302887266369', '448 59926 15713 833', '6420', '468', '02/10/21');
INSERT INTO credit_card (id, iban, pan, pin, cvv, expiring_date) VALUES (        'CcU-4282', 'MK25347478559416776', '3779 817833 37651', '7841', '330', '08/10/20');
INSERT INTO credit_card (id, iban, pan, pin, cvv, expiring_date) VALUES (        'CcU-4289', 'PS346287549618920817748976574', '557488 568223 6518', '1424', '319', '11/22/21');
INSERT INTO credit_card (id, iban, pan, pin, cvv, expiring_date) VALUES (        'CcU-4296', 'BE54849601852351', '3774 962276 33714', '4122', '443', '03/05/21');
INSERT INTO credit_card (id, iban, pan, pin, cvv, expiring_date) VALUES (        'CcU-4303', 'FI1146379728733696', '3427 495828 22724', '5972', '604', '12/14/24');
INSERT INTO credit_card (id, iban, pan, pin, cvv, expiring_date) VALUES (        'CcU-4310', 'ME27022245810759125320', '3425 589947 37358', '3109', '291', '11/16/21');
INSERT INTO credit_card (id, iban, pan, pin, cvv, expiring_date) VALUES (        'CcU-4317', 'HU29174683935743230828356447', '491637 9834296569', '3842', '642', '08/20/21');
INSERT INTO credit_card (id, iban, pan, pin, cvv, expiring_date) VALUES (        'CcU-4324', 'CR2934427002645556549', '548381 497234 7694', '7811', '822', '03/20/24');
INSERT INTO credit_card (id, iban, pan, pin, cvv, expiring_date) VALUES (        'CcU-4331', 'KW9485332754781757886242955643', '3785 952493 68487', '7606', '377', '02/07/22');
INSERT INTO credit_card (id, iban, pan, pin, cvv, expiring_date) VALUES (        'CcU-4338', 'NL68INMN2724282872', '479 13433 42278 329', '4232', '865', '05/06/20');
INSERT INTO credit_card (id, iban, pan, pin, cvv, expiring_date) VALUES (        'CcU-4345', 'AT461138859877579187', '3762 911284 78975', '5552', '514', '08/08/24');
INSERT INTO credit_card (id, iban, pan, pin, cvv, expiring_date) VALUES (        'CcU-4352', 'BH23117460873638461245', '521 57929 38862 722', '7982', '282', '08/19/25');
INSERT INTO credit_card (id, iban, pan, pin, cvv, expiring_date) VALUES (        'CcU-4359', 'PK1842602717357586645371', '5558 8675 3467 2892', '6718', '224', '01/26/26');
INSERT INTO credit_card (id, iban, pan, pin, cvv, expiring_date) VALUES (        'CcU-4366', 'DO18505288663185557586783345', '346585482855422', '6375', '349', '09/14/20');
INSERT INTO credit_card (id, iban, pan, pin, cvv, expiring_date) VALUES (        'CcU-4373', 'IL605688171286254823573', '491673 846381 7575', '7674', '321', '12/20/23');
INSERT INTO credit_card (id, iban, pan, pin, cvv, expiring_date) VALUES (        'CcU-4380', 'GE63542411265576162132', '554456 4937879326', '3190', '325', '03/11/21');
INSERT INTO credit_card (id, iban, pan, pin, cvv, expiring_date) VALUES (        'CcU-4387', 'IT822CNDZI11212029746050255', '5224 7471 9335 6850', '6810', '735', '09/25/23');
INSERT INTO credit_card (id, iban, pan, pin, cvv, expiring_date) VALUES (        'CcU-4394', 'RO96LPSV6662689287844654', '448 53887 88766 825', '5960', '931', '06/04/20');
INSERT INTO credit_card (id, iban, pan, pin, cvv, expiring_date) VALUES (        'CcU-4401', 'TR815222651844952288928043', '5488857588723472', '7165', '913', '12/12/25');
INSERT INTO credit_card (id, iban, pan, pin, cvv, expiring_date) VALUES (        'CcU-4408', 'BG46XYWB75160439249575', '377867313281636', '5401', '227', '03/01/25');
INSERT INTO credit_card (id, iban, pan, pin, cvv, expiring_date) VALUES (        'CcU-4415', 'GR9013439946807535854241144', '3748 648746 49239', '2145', '221', '10/26/25');
INSERT INTO credit_card (id, iban, pan, pin, cvv, expiring_date) VALUES (        'CcU-4422', 'DO35657223646222965184075271', '3741 529436 82138', '2135', '781', '11/08/22');
INSERT INTO credit_card (id, iban, pan, pin, cvv, expiring_date) VALUES (        'CcU-4429', 'DK4377684158381786', '342834817654827', '9690', '765', '08/14/20');
INSERT INTO credit_card (id, iban, pan, pin, cvv, expiring_date) VALUES (        'CcU-4436', 'SI44273472107613844', '3476 295845 56451', '8975', '606', '05/23/20');
INSERT INTO credit_card (id, iban, pan, pin, cvv, expiring_date) VALUES (        'CcU-4443', 'BH44392039643136345028', '491 65266 67312 570', '2283', '141', '01/14/25');
INSERT INTO credit_card (id, iban, pan, pin, cvv, expiring_date) VALUES (        'CcU-4450', 'CR3961432301707841145', '491 63321 35675 379', '3978', '672', '11/09/22');
INSERT INTO credit_card (id, iban, pan, pin, cvv, expiring_date) VALUES (        'CcU-4457', 'GE36372634666440824664', '3758 893912 84425', '1715', '931', '05/05/23');
INSERT INTO credit_card (id, iban, pan, pin, cvv, expiring_date) VALUES (        'CcU-4464', 'IT822TKQEI12456688803483461', '446157 5546574669', '6717', '250', '08/25/23');
INSERT INTO credit_card (id, iban, pan, pin, cvv, expiring_date) VALUES (        'CcU-4471', 'TN7992220464142447614053', '3477 376225 51465', '4959', '234', '04/26/21');
INSERT INTO credit_card (id, iban, pan, pin, cvv, expiring_date) VALUES (        'CcU-4478', 'SI52116155174087513', '5451685219226844', '3161', '939', '01/10/25');
INSERT INTO credit_card (id, iban, pan, pin, cvv, expiring_date) VALUES (        'CcU-4485', 'GB30OKEB42532252608494', '3443 989324 57829', '6206', '963', '09/28/22');
INSERT INTO credit_card (id, iban, pan, pin, cvv, expiring_date) VALUES (        'CcU-4492', 'AE779264810935412319977', '5494485246476242', '1606', '508', '10/28/23');
INSERT INTO credit_card (id, iban, pan, pin, cvv, expiring_date) VALUES (        'CcU-4499', 'ES0381262481577966178550', '527 75588 27196 562', '4302', '639', '10/25/21');
INSERT INTO credit_card (id, iban, pan, pin, cvv, expiring_date) VALUES (        'CcU-4506', 'SE8424235059254817742452', '377866463541856', '7038', '118', '06/26/23');
INSERT INTO credit_card (id, iban, pan, pin, cvv, expiring_date) VALUES (        'CcU-4513', 'TN3753195693666878144912', '532787 5824467386', '1146', '847', '03/26/22');
INSERT INTO credit_card (id, iban, pan, pin, cvv, expiring_date) VALUES (        'CcU-4520', 'AD5031514560453613215340', '4716 7284 4346 4665', '9548', '556', '03/08/23');
INSERT INTO credit_card (id, iban, pan, pin, cvv, expiring_date) VALUES (        'CcU-4527', 'AZ50263195887432245221350166', '5233822643465574', '2635', '573', '09/07/21');
INSERT INTO credit_card (id, iban, pan, pin, cvv, expiring_date) VALUES (        'CcU-4534', 'GR8589386183211253555707312', '374615172136380', '3746', '956', '11/17/24');
INSERT INTO credit_card (id, iban, pan, pin, cvv, expiring_date) VALUES (        'CcU-4541', 'PL76249283566852676343404576', '453 97739 96445 724', '8963', '269', '06/15/20');
INSERT INTO credit_card (id, iban, pan, pin, cvv, expiring_date) VALUES (        'CcU-4548', 'SM8085983832124924136831104', '372445517264156', '2813', '879', '11/28/22');
INSERT INTO credit_card (id, iban, pan, pin, cvv, expiring_date) VALUES (        'CcU-4555', 'KZ297844259556510615', '512549 6577286826', '4144', '250', '12/13/22');
INSERT INTO credit_card (id, iban, pan, pin, cvv, expiring_date) VALUES (        'CcU-4562', 'SM7685486170878577324646271', '343266869577557', '5732', '570', '06/27/20');
INSERT INTO credit_card (id, iban, pan, pin, cvv, expiring_date) VALUES (        'CcU-4569', 'DK3216331269627227', '3744 663534 34891', '4318', '836', '03/30/21');
INSERT INTO credit_card (id, iban, pan, pin, cvv, expiring_date) VALUES (        'CcU-4576', 'MT05JWCF58868200575771634583813', '4532 573 68 7334', '9888', '140', '04/26/24');
INSERT INTO credit_card (id, iban, pan, pin, cvv, expiring_date) VALUES (        'CcU-4583', 'BA773327919989165734', '527 46161 75318 130', '3024', '563', '08/17/22');
INSERT INTO credit_card (id, iban, pan, pin, cvv, expiring_date) VALUES (        'CcU-4590', 'AT050596581744321211', '3443 187254 34777', '1669', '147', '08/19/20');
INSERT INTO credit_card (id, iban, pan, pin, cvv, expiring_date) VALUES (        'CcU-4597', 'AE225185405438011769777', '3754 737136 28831', '5882', '284', '09/12/22');
INSERT INTO credit_card (id, iban, pan, pin, cvv, expiring_date) VALUES (        'CcU-4604', 'CR5411943287103219088', '544734 7842782720', '7169', '619', '11/01/20');
INSERT INTO credit_card (id, iban, pan, pin, cvv, expiring_date) VALUES (        'CcU-4611', 'AZ02307463194073728570325332', '374238243234835', '4050', '882', '10/21/22');
INSERT INTO credit_card (id, iban, pan, pin, cvv, expiring_date) VALUES (        'CcU-4618', 'CY40326276160678118750340113', '5267481137212858', '1606', '377', '03/24/20');
INSERT INTO credit_card (id, iban, pan, pin, cvv, expiring_date) VALUES (        'CcU-4625', 'ES2561868643384424254806', '5298 3644 7749 2491', '5500', '351', '02/06/24');
INSERT INTO credit_card (id, iban, pan, pin, cvv, expiring_date) VALUES (        'CcU-4632', 'AT713147536938954289', '448 55874 86627 789', '7878', '763', '09/06/20');
INSERT INTO credit_card (id, iban, pan, pin, cvv, expiring_date) VALUES (        'CcU-4639', 'LI8155319586365581720', '373693321855284', '6606', '367', '12/03/24');
INSERT INTO credit_card (id, iban, pan, pin, cvv, expiring_date) VALUES (        'CcU-4646', 'CR7237735131501258248', '4485 8278 9259 2981', '1686', '987', '01/21/25');
INSERT INTO credit_card (id, iban, pan, pin, cvv, expiring_date) VALUES (        'CcU-4653', 'DE45027134377528457318', '4716 862 33 7962', '3850', '916', '09/24/25');
INSERT INTO credit_card (id, iban, pan, pin, cvv, expiring_date) VALUES (        'CcU-4660', 'LV89RQUC7474307666821', '492948 3588749370', '3290', '114', '07/04/20');
INSERT INTO credit_card (id, iban, pan, pin, cvv, expiring_date) VALUES (        'CcU-4667', 'PT79551618452454886142166', '3745 466677 72837', '2301', '738', '08/11/24');
INSERT INTO credit_card (id, iban, pan, pin, cvv, expiring_date) VALUES (        'CcU-4674', 'DO71864273752575855510355726', '3437 391826 27572', '4022', '581', '05/23/24');
INSERT INTO credit_card (id, iban, pan, pin, cvv, expiring_date) VALUES (        'CcU-4681', 'GE38261236401561281317', '448 57826 38974 722', '6486', '707', '04/13/22');
INSERT INTO credit_card (id, iban, pan, pin, cvv, expiring_date) VALUES (        'CcU-4688', 'IS383255756743611896271082', '347635882232257', '3159', '350', '01/07/26');
INSERT INTO credit_card (id, iban, pan, pin, cvv, expiring_date) VALUES (        'CcU-4695', 'GT44327784356731801238887639', '376558773427717', '8297', '734', '10/08/23');
INSERT INTO credit_card (id, iban, pan, pin, cvv, expiring_date) VALUES (        'CcU-4702', 'DK7772824378841077', '348642676875332', '3880', '445', '09/19/22');
INSERT INTO credit_card (id, iban, pan, pin, cvv, expiring_date) VALUES (        'CcU-4709', 'GE45504127369280160124', '453233 846716 4597', '4796', '233', '11/04/25');
INSERT INTO credit_card (id, iban, pan, pin, cvv, expiring_date) VALUES (        'CcU-4716', 'PL75422719203842155307261926', '546684 833417 5543', '4252', '997', '08/14/25');
INSERT INTO credit_card (id, iban, pan, pin, cvv, expiring_date) VALUES (        'CcU-4723', 'FI8248793454336573', '3414 376437 29598', '7936', '243', '07/31/20');
INSERT INTO credit_card (id, iban, pan, pin, cvv, expiring_date) VALUES (        'CcU-4730', 'EE541536644818872885', '373396765877539', '5988', '988', '03/08/25');
INSERT INTO credit_card (id, iban, pan, pin, cvv, expiring_date) VALUES (        'CcU-4737', 'AT278617748359359721', '3426 555216 37521', '9048', '509', '02/25/22');
INSERT INTO credit_card (id, iban, pan, pin, cvv, expiring_date) VALUES (        'CcU-4744', 'AZ58751886174806034766368322', '5256255735951122', '6209', '606', '10/12/21');
INSERT INTO credit_card (id, iban, pan, pin, cvv, expiring_date) VALUES (        'CcU-4751', 'PK8373046933330403264694', '3436 372241 88142', '6392', '760', '06/19/23');
INSERT INTO credit_card (id, iban, pan, pin, cvv, expiring_date) VALUES (        'CcU-4758', 'GB51GUVH61469185263634', '378486693428441', '5241', '571', '07/27/23');
INSERT INTO credit_card (id, iban, pan, pin, cvv, expiring_date) VALUES (        'CcU-4765', 'SA2888713798782221436615', '448 51353 39347 393', '1667', '153', '02/28/21');
INSERT INTO credit_card (id, iban, pan, pin, cvv, expiring_date) VALUES (        'CcU-4772', 'ME59832015454148127328', '455 63485 32288 611', '1201', '552', '09/21/20');
INSERT INTO credit_card (id, iban, pan, pin, cvv, expiring_date) VALUES (        'CcU-4779', 'FI9109231810971761', '513 92416 26288 645', '8788', '131', '08/18/23');
INSERT INTO credit_card (id, iban, pan, pin, cvv, expiring_date) VALUES (        'CcU-4786', 'SI51703104173167515', '557 97688 75435 755', '9002', '199', '05/15/20');
INSERT INTO credit_card (id, iban, pan, pin, cvv, expiring_date) VALUES (        'CcU-4793', 'HU95215627749276573565556322', '471662 767641 7624', '7216', '848', '11/09/23');
INSERT INTO credit_card (id, iban, pan, pin, cvv, expiring_date) VALUES (        'CcU-4800', 'SI97824334522161436', '5455 7952 5528 3322', '3745', '886', '05/23/20');
INSERT INTO credit_card (id, iban, pan, pin, cvv, expiring_date) VALUES (        'CcU-4807', 'LB19298318715580851625676971', '4539 4326 8269 4216', '8596', '626', '04/07/22');
INSERT INTO credit_card (id, iban, pan, pin, cvv, expiring_date) VALUES (        'CcU-4814', 'MR4845282437847152280636374', '374471619343357', '8790', '124', '12/19/20');
INSERT INTO credit_card (id, iban, pan, pin, cvv, expiring_date) VALUES (        'CcU-4821', 'LT253147505686466784', '453987 7873842836', '9000', '867', '07/15/20');
INSERT INTO credit_card (id, iban, pan, pin, cvv, expiring_date) VALUES (        'CcU-4828', 'BG11ILMJ30149367569464', '4485252735942', '2789', '942', '09/04/22');
INSERT INTO credit_card (id, iban, pan, pin, cvv, expiring_date) VALUES (        'CcU-4835', 'PT34592171131763200132583', '3723 677744 22550', '1149', '680', '01/08/24');
INSERT INTO credit_card (id, iban, pan, pin, cvv, expiring_date) VALUES (        'CcU-4842', 'SA2156708581957118818229', '3774 636724 83250', '4655', '750', '11/11/24');
INSERT INTO credit_card (id, iban, pan, pin, cvv, expiring_date) VALUES (        'CcU-4849', 'SE2813123487163628531121', '5223363813491514', '9992', '779', '03/21/25');
INSERT INTO credit_card (id, iban, pan, pin, cvv, expiring_date) VALUES (        'CcU-4856', 'TR373872558313545667124286', '349528235713651', '9086', '974', '05/19/23');




USE rt;

CREATE TABLE IF NOT EXISTS user (
    id INT  PRIMARY KEY,
    name VARCHAR(100),
    surname VARCHAR(100),
    phone VARCHAR(150),
    email VARCHAR(150),
    birth_date VARCHAR(100),
    country VARCHAR(150),
    city VARCHAR(150),
    postal_code VARCHAR(100),
    address VARCHAR(255)
);

use rt;
INSERT INTO user (id, name, surname, phone, email, birth_date, country, city, postal_code, address) VALUES (        "1", "Zeus", "Gamble", "1-282-581-0551", "interdum.enim@protonmail.edu", "Nov 17, 1985",         "United States", "Lowell", "73544", "348-7818 Sagittis St.");
INSERT INTO user (id, name, surname, phone, email, birth_date, country, city, postal_code, address) VALUES (        "2", "Garrett", "Mcconnell", "(718) 257-2412", "integer.vitae.nibh@protonmail.org", "Aug 23, 1992",         "United States", "Des Moines", "59464", "903 Sit Ave");
INSERT INTO user (id, name, surname, phone, email, birth_date, country, city, postal_code, address) VALUES (        "3", "Ciaran", "Harrison", "(522) 598-1365", "interdum.feugiat@aol.org", "Apr 29, 1998",         "United States", "Columbus", "56518", "736-2063 Tellus St.");
INSERT INTO user (id, name, surname, phone, email, birth_date, country, city, postal_code, address) VALUES (        "4", "Howard", "Stafford", "1-411-740-3269", "ornare.egestas@icloud.edu", "Feb 18, 1989",         "United States", "Kailua", "77417", "Ap #545-2244 Erat. Rd.");
INSERT INTO user (id, name, surname, phone, email, birth_date, country, city, postal_code, address) VALUES (        "5", "Hayfa", "Pierce", "1-554-541-2077", "et.malesuada.fames@hotmail.org", "Sep 26, 1998",         "United States", "Sandy", "31564", "341-2821 Ultrices Av.");
INSERT INTO user (id, name, surname, phone, email, birth_date, country, city, postal_code, address) VALUES (        "6", "Joel", "Tyson", "(718) 288-8020", "gravida.nunc.sed@yahoo.ca", "Oct 15, 1989",         "United States", "Nashville", "96838", "888-2799 Amet Street");
INSERT INTO user (id, name, surname, phone, email, birth_date, country, city, postal_code, address) VALUES (        "7", "Rafael", "Jimenez", "(817) 689-0478", "eget@outlook.ca", "Dec 4, 1981",         "United States", "Hillsboro", "29874", "8627 Malesuada Rd.");
INSERT INTO user (id, name, surname, phone, email, birth_date, country, city, postal_code, address) VALUES (        "8", "Nissim", "Franks", "(692) 157-3469", "egestas.aliquam.fringilla@google.ca", "Aug 1, 1993",         "United States", "Jackson", "61750", "Ap #251-7144 Integer St.");
INSERT INTO user (id, name, surname, phone, email, birth_date, country, city, postal_code, address) VALUES (        "9", "Mannix", "Mcclain", "(590) 883-2184", "aliquam.nisl@outlook.com", "Jan 24, 1987",         "United States", "Richmond", "35987", "647-3080 Lacus. St.");
INSERT INTO user (id, name, surname, phone, email, birth_date, country, city, postal_code, address) VALUES (        "10", "Robert", "Mccarthy", "(324) 746-6771", "fermentum@protonmail.com", "Apr 30, 1984",         "United States", "Eugene", "85526", "P.O. Box 773, 3594 Ornare St.");
INSERT INTO user (id, name, surname, phone, email, birth_date, country, city, postal_code, address) VALUES (        "11", "Joan", "Baird", "(981) 429-8106", "et@outlook.net", "Feb 25, 1990",         "United States", "Lincoln", "35211", "P.O. Box 687, 8917 Ligula St.");
INSERT INTO user (id, name, surname, phone, email, birth_date, country, city, postal_code, address) VALUES (        "12", "Benedict", "Wheeler", "1-515-824-2855", "tincidunt.donec.vitae@hotmail.couk", "Aug 6, 1999",         "United States", "Lewiston", "92393", "748-8694 Porttitor Avenue");
INSERT INTO user (id, name, surname, phone, email, birth_date, country, city, postal_code, address) VALUES (        "13", "Allegra", "Stanton", "1-927-753-6488", "proin.eget@protonmail.ca", "May 19, 1990",         "United States", "Kearney", "14947", "4457 Ante. Av.");
INSERT INTO user (id, name, surname, phone, email, birth_date, country, city, postal_code, address) VALUES (        "14", "Sara", "Flynn", "1-311-646-9333", "integer@outlook.net", "Dec 27, 1988",         "United States", "Warren", "20288", "P.O. Box 865, 4397 Ante St.");
INSERT INTO user (id, name, surname, phone, email, birth_date, country, city, postal_code, address) VALUES (        "15", "Noelani", "Patrick", "1-723-488-5894", "sem.magna@google.com", "Sep 17, 1993",         "United States", "Orlando", "47987", "596-5044 Sapien, Street");
INSERT INTO user (id, name, surname, phone, email, birth_date, country, city, postal_code, address) VALUES (        "16", "Eric", "Roth", "1-218-549-8253", "lorem.sit@yahoo.net", "Sep 7, 1988",         "United States", "Reading", "96697", "P.O. Box 541, 5137 Non Road");
INSERT INTO user (id, name, surname, phone, email, birth_date, country, city, postal_code, address) VALUES (        "17", "Bruce", "Gill", "(744) 732-8628", "metus@aol.net", "Mar 4, 1990",         "United States", "Davenport", "43415", "Ap #836-9508 Vitae, Ave");
INSERT INTO user (id, name, surname, phone, email, birth_date, country, city, postal_code, address) VALUES (        "18", "Russell", "Jimenez", "(657) 779-2438", "orci@outlook.edu", "Aug 26, 1993",         "United States", "Hattiesburg", "75647", "4095 Quam Rd.");
INSERT INTO user (id, name, surname, phone, email, birth_date, country, city, postal_code, address) VALUES (        "19", "Nicholas", "Travis", "1-330-223-9652", "libero.dui@hotmail.com", "Jul 15, 1981",         "United States", "Jacksonville", "71727", "Ap #459-539 Lectus Avenue");
INSERT INTO user (id, name, surname, phone, email, birth_date, country, city, postal_code, address) VALUES (        "20", "Kelsey", "Bates", "(653) 724-4754", "ullamcorper.nisl@aol.com", "May 6, 1981",         "United States", "Gulfport", "50423", "824-3624 Lacinia St.");
INSERT INTO user (id, name, surname, phone, email, birth_date, country, city, postal_code, address) VALUES (        "21", "Hall", "Reeves", "(241) 759-9235", "erat.eget@hotmail.edu", "Jul 22, 1987",         "United States", "Warren", "85521", "Ap #745-5948 Sollicitudin St.");
INSERT INTO user (id, name, surname, phone, email, birth_date, country, city, postal_code, address) VALUES (        "22", "Allistair", "Holmes", "1-265-323-0812", "donec.tempor.est@protonmail.com", "Nov 5, 1990",         "United States", "Montpelier", "85914", "Ap #794-4229 Ante Rd.");
INSERT INTO user (id, name, surname, phone, email, birth_date, country, city, postal_code, address) VALUES (        "23", "Kelsie", "Bass", "1-837-832-5631", "consequat@google.ca", "Apr 2, 1990",         "United States", "Jefferson City", "97237", "407-7562 A, Road");
INSERT INTO user (id, name, surname, phone, email, birth_date, country, city, postal_code, address) VALUES (        "24", "Nolan", "Cash", "(273) 334-3785", "nam@hotmail.com", "Sep 9, 1994",         "United States", "Owensboro", "61256", "501-2733 Luctus. Rd.");
INSERT INTO user (id, name, surname, phone, email, birth_date, country, city, postal_code, address) VALUES (        "25", "Wanda", "Campbell", "(702) 823-5535", "sagittis@google.couk", "May 31, 1999",         "United States", "San Jose", "88665", "Ap #337-8747 Auctor. Ave");
INSERT INTO user (id, name, surname, phone, email, birth_date, country, city, postal_code, address) VALUES (        "26", "Aquila", "Strickland", "1-246-231-5495", "enim.sit@icloud.com", "Sep 28, 1982",         "United States", "Colchester", "26637", "Ap #260-4612 Massa Road");
INSERT INTO user (id, name, surname, phone, email, birth_date, country, city, postal_code, address) VALUES (        "27", "Diana", "Williamson", "1-285-365-7779", "id.nunc@google.com", "Dec 14, 1991",         "United States", "Kearney", "93484", "362-9552 Sed Rd.");
INSERT INTO user (id, name, surname, phone, email, birth_date, country, city, postal_code, address) VALUES (        "28", "Elmo", "Cain", "1-663-583-6021", "nec.metus.facilisis@google.org", "Oct 13, 1980",         "United States", "Columbus", "25225", "P.O. Box 585, 4446 Suspendisse St.");
INSERT INTO user (id, name, surname, phone, email, birth_date, country, city, postal_code, address) VALUES (        "29", "Deacon", "Sharpe", "(312) 529-1643", "hendrerit@icloud.net", "Sep 19, 1979",         "United States", "Naperville", "63967", "672-9145 Ullamcorper, Ave");
INSERT INTO user (id, name, surname, phone, email, birth_date, country, city, postal_code, address) VALUES (        "30", "Martena", "Blackwell", "1-336-632-3280", "at.nisi.cum@icloud.org", "Feb 21, 1987",         "United States", "Columbia", "53144", "641 Lacus. St.");
INSERT INTO user (id, name, surname, phone, email, birth_date, country, city, postal_code, address) VALUES (        "31", "Francis", "Bryant", "(654) 360-7374", "quisque.ac.libero@protonmail.edu", "Aug 17, 1992",         "United States", "Waterbury", "91358", "P.O. Box 596, 9052 Quisque St.");
INSERT INTO user (id, name, surname, phone, email, birth_date, country, city, postal_code, address) VALUES (        "32", "Chase", "Yang", "1-771-216-5335", "pellentesque.eget@google.net", "Apr 23, 1999",         "United States", "Duluth", "32807", "207-9951 Mi, Avenue");
INSERT INTO user (id, name, surname, phone, email, birth_date, country, city, postal_code, address) VALUES (        "33", "Venus", "Sanders", "(679) 326-6342", "nec.ante.maecenas@aol.com", "Jan 6, 1990",         "United States", "Little Rock", "40790", "4840 Lorem Rd.");
INSERT INTO user (id, name, surname, phone, email, birth_date, country, city, postal_code, address) VALUES (        "34", "Sopoline", "Branch", "1-557-503-3642", "nec@yahoo.org", "Apr 8, 1979",         "United States", "Gary", "79667", "745 Vivamus Avenue");
INSERT INTO user (id, name, surname, phone, email, birth_date, country, city, postal_code, address) VALUES (        "35", "Yvonne", "Gibson", "1-424-288-3275", "risus@outlook.org", "Jan 7, 1993",         "United States", "Vancouver", "21213", "Ap #356-7162 Ligula Rd.");
INSERT INTO user (id, name, surname, phone, email, birth_date, country, city, postal_code, address) VALUES (        "36", "Raymond", "Thornton", "1-581-648-7426", "enim.nisl@google.edu", "Dec 6, 1982",         "United States", "Kansas City", "26231", "746-3251 Aptent Avenue");
INSERT INTO user (id, name, surname, phone, email, birth_date, country, city, postal_code, address) VALUES (        "37", "Graiden", "Glover", "(888) 957-3868", "non.hendrerit@hotmail.ca", "Nov 11, 1987",         "United States", "Portland", "35397", "Ap #497-8090 Vel Avenue");
INSERT INTO user (id, name, surname, phone, email, birth_date, country, city, postal_code, address) VALUES (        "38", "Abra", "Doyle", "(367) 861-9621", "augue.eu@outlook.edu", "Aug 22, 1986",         "United States", "Chicago", "54137", "409-9169 Cubilia St.");
INSERT INTO user (id, name, surname, phone, email, birth_date, country, city, postal_code, address) VALUES (        "39", "Nyssa", "Shaffer", "1-899-494-4941", "malesuada.fames@google.ca", "Jul 2, 1991",         "United States", "Columbus", "27828", "4215 Libero Road");
INSERT INTO user (id, name, surname, phone, email, birth_date, country, city, postal_code, address) VALUES (        "40", "Astra", "Alexander", "1-877-546-5066", "lectus.nullam.suscipit@google.org", "Mar 12, 1983",         "United States", "Columbus", "78276", "P.O. Box 384, 117 Et St.");
INSERT INTO user (id, name, surname, phone, email, birth_date, country, city, postal_code, address) VALUES (        "41", "Uriel", "Hebert", "1-265-846-2455", "donec@outlook.com", "Nov 30, 1981",         "United States", "Juneau", "33549", "670-5867 Eget Street");
INSERT INTO user (id, name, surname, phone, email, birth_date, country, city, postal_code, address) VALUES (        "42", "Lucy", "Branch", "(459) 164-9989", "odio.etiam@aol.couk", "Oct 31, 1991",         "United States", "Joliet", "27874", "134-848 Orci, Rd.");
INSERT INTO user (id, name, surname, phone, email, birth_date, country, city, postal_code, address) VALUES (        "43", "Jayme", "Chavez", "(542) 568-7326", "fusce.feugiat@outlook.com", "Jul 29, 1984",         "United States", "Aurora", "28283", "8659 Enim. Rd.");
INSERT INTO user (id, name, surname, phone, email, birth_date, country, city, postal_code, address) VALUES (        "44", "Aquila", "Haley", "1-951-243-1892", "tempus.risus@outlook.edu", "Jan 21, 1996",         "United States", "Newark", "51734", "Ap #197-7436 Neque. Road");
INSERT INTO user (id, name, surname, phone, email, birth_date, country, city, postal_code, address) VALUES (        "45", "Richard", "O'donnell", "1-275-844-6782", "ac.nulla@outlook.org", "Oct 4, 1986",         "United States", "Frankfort", "72520", "P.O. Box 333, 3191 Ullamcorper, Ave");
INSERT INTO user (id, name, surname, phone, email, birth_date, country, city, postal_code, address) VALUES (        "46", "Alika", "Valdez", "(781) 178-0838", "dapibus.gravida@yahoo.net", "Aug 8, 1990",         "United States", "Salem", "55729", "P.O. Box 580, 196 Cras Ave");
INSERT INTO user (id, name, surname, phone, email, birth_date, country, city, postal_code, address) VALUES (        "47", "Herrod", "Wright", "(575) 645-3218", "odio.auctor.vitae@yahoo.edu", "Nov 11, 1999",         "United States", "Fort Wayne", "72865", "8745 Elementum Road");
INSERT INTO user (id, name, surname, phone, email, birth_date, country, city, postal_code, address) VALUES (        "48", "Patrick", "Reyes", "1-607-729-5993", "conubia.nostra@icloud.com", "Jul 29, 1986",         "United States", "San Jose", "96740", "1150 Etiam Av.");
INSERT INTO user (id, name, surname, phone, email, birth_date, country, city, postal_code, address) VALUES (        "49", "Lev", "Roth", "1-685-331-7392", "auctor.vitae.aliquet@yahoo.net", "Dec 3, 1981",         "United States", "Richmond", "52748", "P.O. Box 455, 4035 Ullamcorper, Road");
INSERT INTO user (id, name, surname, phone, email, birth_date, country, city, postal_code, address) VALUES (        "50", "Aretha", "Chang", "1-634-250-1977", "suspendisse.aliquet.molestie@hotmail.edu", "May 11, 1998",         "United States", "Jonesboro", "26937", "491 Neque St.");
INSERT INTO user (id, name, surname, phone, email, birth_date, country, city, postal_code, address) VALUES (        "51", "Lionel", "Griffith", "1-816-243-8788", "ultricies.sem.magna@yahoo.org", "Apr 3, 1993",         "United States", "Wichita", "17638", "P.O. Box 191, 5848 A, Ave");
INSERT INTO user (id, name, surname, phone, email, birth_date, country, city, postal_code, address) VALUES (        "52", "Sheila", "Sullivan", "(426) 608-1653", "arcu.vel@google.edu", "May 17, 1981",         "United States", "Sacramento", "48147", "Ap #644-7695 Nec, Rd.");
INSERT INTO user (id, name, surname, phone, email, birth_date, country, city, postal_code, address) VALUES (        "53", "Lucas", "Lloyd", "(513) 819-9413", "sagittis.duis.gravida@outlook.net", "Jun 20, 1980",         "United States", "Waterbury", "56684", "745-3814 Metus. Rd.");
INSERT INTO user (id, name, surname, phone, email, birth_date, country, city, postal_code, address) VALUES (        "54", "Emma", "Park", "(581) 468-8549", "vel.turpis.aliquam@icloud.org", "May 27, 1991",         "United States", "Topeka", "70684", "Ap #558-7250 Vivamus Rd.");
INSERT INTO user (id, name, surname, phone, email, birth_date, country, city, postal_code, address) VALUES (        "55", "Barrett", "Andrews", "(573) 474-8979", "ligula.consectetuer@protonmail.edu", "Nov 28, 1995",         "United States", "Tacoma", "14982", "5363 Rhoncus Street");
INSERT INTO user (id, name, surname, phone, email, birth_date, country, city, postal_code, address) VALUES (        "56", "Odysseus", "Frye", "(236) 402-6048", "sociis.natoque@outlook.org", "Feb 19, 1983",         "United States", "Norman", "74030", "772-6878 Sociosqu Av.");
INSERT INTO user (id, name, surname, phone, email, birth_date, country, city, postal_code, address) VALUES (        "57", "Daquan", "Kirk", "1-748-565-9125", "ultricies@hotmail.ca", "Dec 22, 1994",         "United States", "Grand Rapids", "46875", "5438 Odio. Avenue");
INSERT INTO user (id, name, surname, phone, email, birth_date, country, city, postal_code, address) VALUES (        "58", "Sandra", "Owens", "1-961-472-4829", "eu.enim@icloud.ca", "Oct 14, 1980",         "United States", "Fort Worth", "44233", "465-230 Ullamcorper, Rd.");
INSERT INTO user (id, name, surname, phone, email, birth_date, country, city, postal_code, address) VALUES (        "59", "Heather", "Bradshaw", "1-535-845-1352", "luctus.et@aol.couk", "Dec 4, 1984",         "United States", "Kaneohe", "85163", "6641 Convallis St.");
INSERT INTO user (id, name, surname, phone, email, birth_date, country, city, postal_code, address) VALUES (        "60", "Roth", "Cook", "(122) 759-2618", "ullamcorper.eu@icloud.edu", "Nov 23, 1996",         "United States", "Aurora", "26839", "Ap #815-8102 Ante. St.");
INSERT INTO user (id, name, surname, phone, email, birth_date, country, city, postal_code, address) VALUES (        "61", "Duncan", "Romero", "1-226-441-1416", "ligula.aenean.euismod@hotmail.com", "Feb 4, 1990",         "United States", "Hilo", "68158", "267-173 Felis Rd.");
INSERT INTO user (id, name, surname, phone, email, birth_date, country, city, postal_code, address) VALUES (        "62", "Phyllis", "Holt", "1-806-654-1534", "metus.vitae.velit@outlook.couk", "Jun 7, 1987",         "United States", "Newark", "81711", "Ap #111-6364 Libero. Rd.");
INSERT INTO user (id, name, surname, phone, email, birth_date, country, city, postal_code, address) VALUES (        "63", "Beverly", "Burt", "(336) 263-4576", "aliquam.enim@aol.edu", "Dec 12, 1996",         "United States", "Pittsburgh", "18438", "P.O. Box 632, 6754 Fringilla Road");
INSERT INTO user (id, name, surname, phone, email, birth_date, country, city, postal_code, address) VALUES (        "64", "Irma", "Whitehead", "1-332-774-7232", "mauris.quis@google.org", "Feb 14, 1988",         "United States", "Norman", "47637", "393-6189 Sem Ave");
INSERT INTO user (id, name, surname, phone, email, birth_date, country, city, postal_code, address) VALUES (        "65", "Yeo", "Emerson", "(473) 596-9486", "lacinia.at.iaculis@aol.net", "Sep 26, 1993",         "United States", "Salem", "71835", "Ap #897-3426 Orci, Av.");
INSERT INTO user (id, name, surname, phone, email, birth_date, country, city, postal_code, address) VALUES (        "66", "Bert", "Juarez", "1-404-537-2914", "pede.nec@outlook.net", "Sep 14, 1988",         "United States", "Colchester", "85478", "757-6748 Placerat St.");
INSERT INTO user (id, name, surname, phone, email, birth_date, country, city, postal_code, address) VALUES (        "67", "Kenneth", "Morrison", "1-214-178-7152", "elementum.sem.vitae@outlook.org", "Sep 10, 1981",         "United States", "Saint Louis", "65146", "801-4640 Odio Rd.");
INSERT INTO user (id, name, surname, phone, email, birth_date, country, city, postal_code, address) VALUES (        "68", "Whoopi", "Ford", "1-548-301-4313", "enim.diam.vel@google.com", "Apr 30, 1979",         "United States", "Bloomington", "76233", "P.O. Box 312, 3903 Aliquam Rd.");
INSERT INTO user (id, name, surname, phone, email, birth_date, country, city, postal_code, address) VALUES (        "69", "Stone", "Atkinson", "1-751-189-8258", "etiam@outlook.com", "Jan 31, 1993",         "United States", "Columbus", "36506", "Ap #820-7449 Tellus Rd.");
INSERT INTO user (id, name, surname, phone, email, birth_date, country, city, postal_code, address) VALUES (        "70", "Debra", "Farley", "(377) 214-5814", "non.justo@aol.com", "Jan 31, 1985",         "United States", "San Jose", "88326", "P.O. Box 855, 7643 Eu Street");
INSERT INTO user (id, name, surname, phone, email, birth_date, country, city, postal_code, address) VALUES (        "71", "Emerson", "Hess", "1-342-775-1174", "orci.tincidunt.adipiscing@icloud.ca", "May 12, 1984",         "United States", "Mesa", "33568", "Ap #191-5633 Lectus Rd.");
INSERT INTO user (id, name, surname, phone, email, birth_date, country, city, postal_code, address) VALUES (        "72", "Jael", "Robles", "(267) 616-3375", "lorem.eget.mollis@protonmail.net", "Jun 6, 1983",         "United States", "Spokane", "97103", "266 Dictum Avenue");
INSERT INTO user (id, name, surname, phone, email, birth_date, country, city, postal_code, address) VALUES (        "73", "Warren", "Christian", "1-125-829-9354", "malesuada.vel@icloud.ca", "Jan 12, 1993",         "United States", "Boise", "95246", "Ap #323-5264 Convallis Rd.");
INSERT INTO user (id, name, surname, phone, email, birth_date, country, city, postal_code, address) VALUES (        "74", "Zelenia", "Good", "1-971-397-7840", "aenean@google.couk", "Sep 21, 1988",         "United States", "Wichita", "78518", "176-5987 Sociis St.");
INSERT INTO user (id, name, surname, phone, email, birth_date, country, city, postal_code, address) VALUES (        "75", "Colleen", "Juarez", "1-647-277-0329", "sodales@yahoo.edu", "May 25, 1990",         "United States", "Lewiston", "36194", "919-2582 Et, St.");
INSERT INTO user (id, name, surname, phone, email, birth_date, country, city, postal_code, address) VALUES (        "76", "Glenna", "Gutierrez", "(567) 428-5368", "amet@outlook.couk", "Sep 25, 1990",         "United States", "Newark", "58673", "9288 Posuere St.");
INSERT INTO user (id, name, surname, phone, email, birth_date, country, city, postal_code, address) VALUES (        "77", "Jared", "Compton", "1-416-623-5165", "vel.quam@outlook.net", "Jan 18, 1999",         "United States", "Norfolk", "13086", "354-782 Tempor Ave");
INSERT INTO user (id, name, surname, phone, email, birth_date, country, city, postal_code, address) VALUES (        "78", "Camilla", "Zimmerman", "(403) 839-3861", "enim@aol.com", "Nov 20, 1997",         "United States", "Aurora", "79643", "Ap #612-9307 Metus Av.");
INSERT INTO user (id, name, surname, phone, email, birth_date, country, city, postal_code, address) VALUES (        "79", "Preston", "Hubbard", "(485) 611-5951", "in.cursus.et@protonmail.com", "Aug 16, 2000",         "United States", "Savannah", "73062", "P.O. Box 761, 364 Mauris Road");
INSERT INTO user (id, name, surname, phone, email, birth_date, country, city, postal_code, address) VALUES (        "80", "Sophia", "Bradford", "(795) 358-4243", "eu@outlook.com", "Feb 10, 1985",         "United States", "Paradise", "89058", "Ap #425-5343 Fermentum Rd.");
INSERT INTO user (id, name, surname, phone, email, birth_date, country, city, postal_code, address) VALUES (        "81", "Acton", "Gallegos", "1-784-875-8068", "rhoncus.donec@yahoo.org", "Feb 6, 1989",         "United States", "Lexington", "54348", "5613 Ut St.");
INSERT INTO user (id, name, surname, phone, email, birth_date, country, city, postal_code, address) VALUES (        "82", "Stacey", "Moses", "(768) 696-2845", "ante.iaculis.nec@hotmail.edu", "Sep 7, 1985",         "United States", "South Portland", "84463", "Ap #786-4555 Scelerisque Avenue");
INSERT INTO user (id, name, surname, phone, email, birth_date, country, city, postal_code, address) VALUES (        "83", "Dana", "Ware", "1-997-209-1750", "nisi.a@outlook.net", "Nov 29, 1979",         "United States", "Hillsboro", "59188", "Ap #801-3094 Nec Av.");
INSERT INTO user (id, name, surname, phone, email, birth_date, country, city, postal_code, address) VALUES (        "84", "Craig", "Shepherd", "1-817-268-8038", "feugiat@protonmail.net", "Jul 21, 1997",         "United States", "Dover", "29670", "P.O. Box 629, 4780 Egestas Rd.");
INSERT INTO user (id, name, surname, phone, email, birth_date, country, city, postal_code, address) VALUES (        "85", "Dawn", "Murray", "1-818-547-6341", "ante.dictum.mi@outlook.couk", "Dec 13, 1989",         "United States", "Fairbanks", "67154", "8209 Morbi Av.");
INSERT INTO user (id, name, surname, phone, email, birth_date, country, city, postal_code, address) VALUES (        "86", "Quintessa", "Buckley", "1-461-623-4184", "justo.sit.amet@hotmail.ca", "Dec 16, 1987",         "United States", "Anchorage", "95823", "572-4088 Tempor, Ave");
INSERT INTO user (id, name, surname, phone, email, birth_date, country, city, postal_code, address) VALUES (        "87", "Camden", "Carpenter", "1-842-231-7504", "enim.commodo@google.ca", "Aug 14, 1981",         "United States", "Waterbury", "78847", "5748 Amet Road");
INSERT INTO user (id, name, surname, phone, email, birth_date, country, city, postal_code, address) VALUES (        "88", "Holmes", "Ramsey", "(913) 726-8674", "id.erat@aol.net", "Jul 3, 1998",         "United States", "Augusta", "35453", "P.O. Box 359, 8428 Nec, St.");
INSERT INTO user (id, name, surname, phone, email, birth_date, country, city, postal_code, address) VALUES (        "89", "Lars", "Mercado", "1-561-562-1561", "sem.vitae@aol.net", "Apr 27, 1991",         "United States", "Huntsville", "34901", "Ap #892-9811 Proin St.");
INSERT INTO user (id, name, surname, phone, email, birth_date, country, city, postal_code, address) VALUES (        "90", "Alika", "Kinney", "(625) 262-0063", "parturient@hotmail.org", "Jan 3, 1996",         "United States", "Davenport", "64481", "P.O. Box 898, 349 Ultricies Road");
INSERT INTO user (id, name, surname, phone, email, birth_date, country, city, postal_code, address) VALUES (        "91", "Serina", "Carter", "(852) 256-1633", "tellus.id.nunc@icloud.com", "Feb 14, 1984",         "United States", "Reading", "72245", "424-6510 Sit Street");
INSERT INTO user (id, name, surname, phone, email, birth_date, country, city, postal_code, address) VALUES (        "92", "Lynn", "Riddle", "1-387-885-4057", "vitae.aliquet@outlook.edu", "Sep 21, 1984",         "United States", "Bozeman", "61871", "P.O. Box 712, 7907 Est St.");
INSERT INTO user (id, name, surname, phone, email, birth_date, country, city, postal_code, address) VALUES (        "93", "Kimberley", "Avila", "(614) 862-3520", "magna.phasellus@outlook.com", "Apr 4, 1997",         "United States", "Burlington", "71305", "269-4732 Maecenas Street");
INSERT INTO user (id, name, surname, phone, email, birth_date, country, city, postal_code, address) VALUES (        "94", "Kim", "Zimmerman", "(406) 496-7968", "sed.dictum@hotmail.couk", "Oct 7, 1981",         "United States", "Pittsburgh", "89349", "Ap #274-5686 Nec Rd.");
INSERT INTO user (id, name, surname, phone, email, birth_date, country, city, postal_code, address) VALUES (        "95", "Chase", "Ellis", "(322) 137-3271", "quisque.purus@hotmail.edu", "Dec 19, 2000",         "United States", "New Haven", "72721", "1311 Accumsan Road");
INSERT INTO user (id, name, surname, phone, email, birth_date, country, city, postal_code, address) VALUES (        "96", "Brennan", "Wynn", "(831) 607-3574", "nullam.ut@yahoo.net", "Nov 1, 1988",         "United States", "Lewiston", "74004", "Ap #774-4981 Elementum Avenue");
INSERT INTO user (id, name, surname, phone, email, birth_date, country, city, postal_code, address) VALUES (        "97", "Joseph", "Davidson", "1-184-847-8256", "mauris@outlook.net", "Jan 18, 1987",         "United States", "Allentown", "88451", "P.O. Box 178, 6049 Luctus St.");
INSERT INTO user (id, name, surname, phone, email, birth_date, country, city, postal_code, address) VALUES (        "98", "Cassandra", "Ferguson", "(594) 318-2465", "eu@google.couk", "May 8, 1992",         "United States", "Tuscaloosa", "83383", "497-7857 Eget, Rd.");
INSERT INTO user (id, name, surname, phone, email, birth_date, country, city, postal_code, address) VALUES (        "99", "Reed", "Rutledge", "1-472-670-2236", "facilisis.facilisis@outlook.net", "Feb 17, 1997",         "United States", "Newport News", "36951", "225-6073 Magna Ave");
INSERT INTO user (id, name, surname, phone, email, birth_date, country, city, postal_code, address) VALUES (        "100", "Melodie", "Mclean", "1-677-221-7152", "risus.varius@google.ca", "Sep 15, 1989",         "United States", "College", "11838", "Ap #644-8492 Sagittis St.");
INSERT INTO user (id, name, surname, phone, email, birth_date, country, city, postal_code, address) VALUES (        "101", "Sarah", "Beck", "(358) 691-4345", "vitae.risus@aol.couk", "Apr 9, 1983",         "United States", "Great Falls", "67129", "665-9047 In, Rd.");
INSERT INTO user (id, name, surname, phone, email, birth_date, country, city, postal_code, address) VALUES (        "102", "Jasper", "Landry", "1-397-765-1118", "consectetuer.euismod@aol.org", "Apr 16, 1982",         "United States", "Columbus", "11595", "Ap #374-7325 Sodales Rd.");
INSERT INTO user (id, name, surname, phone, email, birth_date, country, city, postal_code, address) VALUES (        "103", "Upton", "Chavez", "(227) 785-6484", "euismod.est@aol.ca", "Mar 15, 1986",         "United States", "Essex", "95631", "1990 Vel, Av.");
INSERT INTO user (id, name, surname, phone, email, birth_date, country, city, postal_code, address) VALUES (        "104", "Martha", "Barlow", "(732) 326-5448", "vulputate@hotmail.net", "Oct 29, 1988",         "United States", "Chicago", "41512", "Ap #311-7103 In Avenue");
INSERT INTO user (id, name, surname, phone, email, birth_date, country, city, postal_code, address) VALUES (        "105", "Hashim", "Rose", "(858) 313-6727", "urna@icloud.com", "Mar 28, 1983",         "United States", "Tacoma", "99632", "8034 Tortor, Road");
INSERT INTO user (id, name, surname, phone, email, birth_date, country, city, postal_code, address) VALUES (        "106", "Tanner", "Valenzuela", "1-346-421-3135", "nascetur.ridiculus@google.net", "Apr 6, 1993",         "United States", "Naperville", "31130", "Ap #114-2616 Fusce Road");
INSERT INTO user (id, name, surname, phone, email, birth_date, country, city, postal_code, address) VALUES (        "107", "Victor", "Valencia", "(239) 569-1938", "non.enim@hotmail.couk", "May 1, 1998",         "United States", "Warren", "15158", "Ap #182-9926 At St.");
INSERT INTO user (id, name, surname, phone, email, birth_date, country, city, postal_code, address) VALUES (        "108", "Germaine", "Suarez", "1-931-750-6983", "risus@icloud.com", "Feb 1, 1984",         "United States", "Cleveland", "36183", "Ap #383-1856 Mauris Avenue");
INSERT INTO user (id, name, surname, phone, email, birth_date, country, city, postal_code, address) VALUES (        "109", "Raven", "Reynolds", "(667) 453-9731", "sed@aol.com", "Jul 11, 1986",         "United States", "Rockville", "64325", "P.O. Box 753, 3474 Orci, Av.");
INSERT INTO user (id, name, surname, phone, email, birth_date, country, city, postal_code, address) VALUES (        "110", "Neil", "Powers", "(864) 881-6737", "nec.metus@aol.edu", "Sep 3, 1980",         "United States", "Clarksville", "46921", "571-2024 Quam Avenue");
INSERT INTO user (id, name, surname, phone, email, birth_date, country, city, postal_code, address) VALUES (        "111", "Astra", "Baldwin", "1-643-565-3266", "adipiscing.ligula.aenean@protonmail.net", "Jul 3, 1999",         "United States", "Indianapolis", "74764", "932-8297 Ac Ave");
INSERT INTO user (id, name, surname, phone, email, birth_date, country, city, postal_code, address) VALUES (        "112", "Ryder", "Cole", "1-572-759-8544", "nec.enim.nunc@protonmail.net", "Sep 4, 1990",         "United States", "South Portland", "52161", "Ap #286-4884 Arcu. Avenue");
INSERT INTO user (id, name, surname, phone, email, birth_date, country, city, postal_code, address) VALUES (        "113", "Risa", "Frost", "1-712-488-5451", "neque.pellentesque@outlook.org", "May 5, 1996",         "United States", "Kearney", "88986", "Ap #678-785 Leo. Road");
INSERT INTO user (id, name, surname, phone, email, birth_date, country, city, postal_code, address) VALUES (        "114", "Jasmine", "Castro", "1-512-143-0648", "lorem@google.ca", "Jan 5, 1987",         "United States", "San Jose", "94101", "9948 Dictum. Road");
INSERT INTO user (id, name, surname, phone, email, birth_date, country, city, postal_code, address) VALUES (        "115", "Urielle", "Holman", "1-424-793-4354", "leo@google.ca", "Oct 11, 1985",         "United States", "Green Bay", "29058", "268-1889 Adipiscing Rd.");
INSERT INTO user (id, name, surname, phone, email, birth_date, country, city, postal_code, address) VALUES (        "116", "Sacha", "Compton", "(265) 342-4775", "sed.dictum.proin@yahoo.org", "Sep 1, 1981",         "United States", "Wilmington", "94151", "Ap #722-5423 Velit. Road");
INSERT INTO user (id, name, surname, phone, email, birth_date, country, city, postal_code, address) VALUES (        "117", "Halla", "Pearson", "(681) 698-7518", "lacus.etiam@protonmail.couk", "Apr 19, 1994",         "United States", "Biloxi", "65926", "664-903 In, Street");
INSERT INTO user (id, name, surname, phone, email, birth_date, country, city, postal_code, address) VALUES (        "118", "Brooke", "Jensen", "(124) 739-9067", "purus.mauris.a@icloud.ca", "Aug 23, 1981",         "United States", "Erie", "68334", "P.O. Box 718, 9538 Velit Road");
INSERT INTO user (id, name, surname, phone, email, birth_date, country, city, postal_code, address) VALUES (        "119", "Damian", "Mcgee", "(712) 572-8735", "neque.nullam@hotmail.edu", "Sep 20, 1988",         "United States", "Racine", "67561", "Ap #383-8201 Orci Street");
INSERT INTO user (id, name, surname, phone, email, birth_date, country, city, postal_code, address) VALUES (        "120", "Solomon", "Blake", "1-814-753-4054", "in.at.pede@hotmail.edu", "Feb 23, 1990",         "United States", "Glendale", "32725", "469-4293 Aenean St.");
INSERT INTO user (id, name, surname, phone, email, birth_date, country, city, postal_code, address) VALUES (        "121", "Ainsley", "Herrera", "1-380-341-6875", "est.congue@hotmail.couk", "Mar 28, 1996",         "United States", "Madison", "64252", "779-913 Cras Rd.");
INSERT INTO user (id, name, surname, phone, email, birth_date, country, city, postal_code, address) VALUES (        "122", "Desiree", "Carey", "(888) 429-3660", "pellentesque.tellus.sem@protonmail.edu", "Sep 10, 1989",         "United States", "Reading", "71452", "P.O. Box 651, 6745 Donec St.");
INSERT INTO user (id, name, surname, phone, email, birth_date, country, city, postal_code, address) VALUES (        "123", "Dominique", "Tillman", "1-956-793-8208", "vitae.dolor.donec@google.ca", "Sep 28, 1999",         "United States", "New Orleans", "33029", "618-3352 Amet, Street");
INSERT INTO user (id, name, surname, phone, email, birth_date, country, city, postal_code, address) VALUES (        "124", "Walter", "Larsen", "(435) 652-7642", "et.netus.et@yahoo.net", "Sep 15, 1979",         "United States", "College", "31347", "Ap #946-1494 Mauris Rd.");
INSERT INTO user (id, name, surname, phone, email, birth_date, country, city, postal_code, address) VALUES (        "125", "Celeste", "Ellis", "1-847-855-3441", "dapibus.rutrum@yahoo.org", "Jan 29, 1994",         "United States", "Wichita", "84214", "Ap #521-1005 Dolor Av.");
INSERT INTO user (id, name, surname, phone, email, birth_date, country, city, postal_code, address) VALUES (        "126", "Kim", "Mooney", "1-252-337-6661", "sed.nec@google.org", "Nov 28, 2000",         "United States", "Lewiston", "84345", "377-2270 Ante St.");
INSERT INTO user (id, name, surname, phone, email, birth_date, country, city, postal_code, address) VALUES (        "127", "Ezra", "Beard", "(743) 567-0923", "morbi.sit@google.com", "Apr 8, 1984",         "United States", "Los Angeles", "43908", "P.O. Box 783, 1432 Inceptos Rd.");
INSERT INTO user (id, name, surname, phone, email, birth_date, country, city, postal_code, address) VALUES (        "128", "Lucas", "Dawson", "(404) 491-1122", "in.consectetuer.ipsum@yahoo.com", "Sep 13, 1983",         "United States", "Shreveport", "82532", "P.O. Box 926, 2853 Non, Rd.");
INSERT INTO user (id, name, surname, phone, email, birth_date, country, city, postal_code, address) VALUES (        "129", "Amber", "Blevins", "(734) 712-6456", "nunc@outlook.org", "Aug 14, 1979",         "United States", "Honolulu", "51863", "P.O. Box 878, 292 Orci Rd.");
INSERT INTO user (id, name, surname, phone, email, birth_date, country, city, postal_code, address) VALUES (        "130", "Oscar", "Neal", "1-923-222-4140", "magna.nec@icloud.net", "Dec 29, 1983",         "United States", "Casper", "94343", "653 Posuere Road");
INSERT INTO user (id, name, surname, phone, email, birth_date, country, city, postal_code, address) VALUES (        "131", "Hiram", "Preston", "(774) 220-4835", "ridiculus.mus@yahoo.net", "Jan 14, 1996",         "United States", "Rochester", "24724", "P.O. Box 579, 727 Ipsum Rd.");
INSERT INTO user (id, name, surname, phone, email, birth_date, country, city, postal_code, address) VALUES (        "132", "Gisela", "Johnston", "(223) 563-2771", "accumsan.sed@outlook.couk", "Jul 29, 1993",         "United States", "Auburn", "58677", "489-8011 Faucibus Ave");
INSERT INTO user (id, name, surname, phone, email, birth_date, country, city, postal_code, address) VALUES (        "133", "Iona", "Soto", "1-249-240-5843", "tristique.aliquet@protonmail.com", "Apr 15, 1998",         "United States", "Iowa City", "73017", "Ap #327-9970 Sollicitudin St.");
INSERT INTO user (id, name, surname, phone, email, birth_date, country, city, postal_code, address) VALUES (        "134", "Tiger", "Davis", "(571) 492-5568", "nonummy.ut@hotmail.ca", "Apr 12, 1997",         "United States", "Aurora", "80460", "P.O. Box 346, 7204 Quam. Rd.");
INSERT INTO user (id, name, surname, phone, email, birth_date, country, city, postal_code, address) VALUES (        "135", "Zahir", "Swanson", "(758) 354-1913", "nam.ac@hotmail.couk", "Jan 12, 1991",         "United States", "Dover", "27834", "684 Sed Ave");
INSERT INTO user (id, name, surname, phone, email, birth_date, country, city, postal_code, address) VALUES (        "136", "Sonya", "Hobbs", "1-508-176-1405", "quis.pede@aol.com", "Jan 8, 1981",         "United States", "Memphis", "24123", "Ap #959-1231 Aliquam Road");
INSERT INTO user (id, name, surname, phone, email, birth_date, country, city, postal_code, address) VALUES (        "137", "Brody", "Goodwin", "1-789-944-8575", "donec.felis@outlook.couk", "Apr 2, 1982",         "United States", "Tucson", "61282", "779-7842 Dolor Ave");
INSERT INTO user (id, name, surname, phone, email, birth_date, country, city, postal_code, address) VALUES (        "138", "Wesley", "Bush", "1-814-353-8532", "fermentum.arcu@hotmail.com", "Feb 8, 1987",         "United States", "Owensboro", "77662", "270-4210 Et, Road");
INSERT INTO user (id, name, surname, phone, email, birth_date, country, city, postal_code, address) VALUES (        "139", "Walker", "Gibson", "1-935-527-2111", "ipsum.primis@yahoo.edu", "Jan 20, 1980",         "United States", "Annapolis", "99895", "P.O. Box 694, 6043 Dolor. St.");
INSERT INTO user (id, name, surname, phone, email, birth_date, country, city, postal_code, address) VALUES (        "140", "Oprah", "Nicholson", "(485) 970-9786", "a@google.edu", "Sep 19, 1981",         "United States", "Bridgeport", "38328", "8543 Velit Av.");
INSERT INTO user (id, name, surname, phone, email, birth_date, country, city, postal_code, address) VALUES (        "141", "Clark", "Hewitt", "1-522-475-6115", "et.malesuada@aol.couk", "Oct 20, 1997",         "United States", "Tuscaloosa", "35547", "Ap #260-1064 Quisque St.");
INSERT INTO user (id, name, surname, phone, email, birth_date, country, city, postal_code, address) VALUES (        "142", "Wyatt", "Morris", "1-402-317-8621", "consequat@google.org", "Oct 11, 1992",         "United States", "Salt Lake City", "37463", "P.O. Box 436, 6802 Purus Avenue");
INSERT INTO user (id, name, surname, phone, email, birth_date, country, city, postal_code, address) VALUES (        "143", "Genevieve", "Nolan", "1-346-724-1579", "quis@outlook.com", "Sep 3, 1990",         "United States", "Springfield", "37616", "Ap #124-9427 Ante. Rd.");
INSERT INTO user (id, name, surname, phone, email, birth_date, country, city, postal_code, address) VALUES (        "144", "Jeanette", "Blanchard", "1-287-355-3938", "amet.dapibus@google.couk", "Jul 6, 1996",         "United States", "San Jose", "26707", "Ap #529-6734 Ipsum Road");
INSERT INTO user (id, name, surname, phone, email, birth_date, country, city, postal_code, address) VALUES (        "145", "Ursula", "Stewart", "1-442-838-6756", "commodo.auctor.velit@outlook.ca", "Feb 17, 1994",         "United States", "Lincoln", "69791", "161-6225 Ac, Street");
INSERT INTO user (id, name, surname, phone, email, birth_date, country, city, postal_code, address) VALUES (        "146", "Priscilla", "Skinner", "(468) 855-0771", "laoreet.lectus@aol.edu", "Jul 31, 1980",         "United States", "Sandy", "86701", "207-6998 At Ave");
INSERT INTO user (id, name, surname, phone, email, birth_date, country, city, postal_code, address) VALUES (        "147", "Brody", "Talley", "(307) 307-2751", "metus.sit.amet@outlook.org", "Jun 13, 1991",         "United States", "Fayetteville", "42374", "469-5852 Tellus Street");
INSERT INTO user (id, name, surname, phone, email, birth_date, country, city, postal_code, address) VALUES (        "148", "Kerry", "Adkins", "(528) 872-1974", "augue.eu.tempor@icloud.couk", "Mar 13, 1983",         "United States", "Dallas", "86373", "Ap #422-4836 Nunc Rd.");
INSERT INTO user (id, name, surname, phone, email, birth_date, country, city, postal_code, address) VALUES (        "149", "Brock", "Doyle", "(265) 140-9567", "cursus.a@aol.edu", "Feb 19, 1986",         "United States", "Tuscaloosa", "77945", "Ap #172-5737 Lorem St.");
INSERT INTO user (id, name, surname, phone, email, birth_date, country, city, postal_code, address) VALUES (        "150", "Oleg", "Coleman", "1-131-139-5673", "dis@outlook.edu", "Dec 2, 1981",         "United States", "Indianapolis", "28528", "722-3056 Eu, Road");
INSERT INTO user (id, name, surname, phone, email, birth_date, country, city, postal_code, address) VALUES (        "151", "Meghan", "Hayden", "0800 746 6747", "arcu.vel@hotmail.ca", "Jul 2, 1980",         "United Kingdom", "Tullibody", "A1Y 3TC", "Ap #432-4493 Aliquet Rd.");
INSERT INTO user (id, name, surname, phone, email, birth_date, country, city, postal_code, address) VALUES (        "152", "Hakeem", "Alford", "(0111) 367 0184", "adipiscing.ligula@google.edu", "Sep 30, 1979",         "United Kingdom", "Kettering", "O21 7JV", "551-8930 Lobortis Street");
INSERT INTO user (id, name, surname, phone, email, birth_date, country, city, postal_code, address) VALUES (        "153", "Keegan", "Pugh", "(016977) 3851", "sodales.nisi@aol.org", "Jul 27, 1994",         "United Kingdom", "Whitehaven", "HQ8V 7YP", "Ap #312-5898 Consectetuer St.");
INSERT INTO user (id, name, surname, phone, email, birth_date, country, city, postal_code, address) VALUES (        "154", "Cooper", "Bullock", "(021) 2521 6627", "et@outlook.net", "Nov 2, 1986",         "United Kingdom", "Presteigne", "U18 0DN", "872-1866 Pede Rd.");
INSERT INTO user (id, name, surname, phone, email, birth_date, country, city, postal_code, address) VALUES (        "155", "Joshua", "Russell", "055 4409 5286", "justo.nec.ante@outlook.edu", "Jan 23, 1984",         "United Kingdom", "Hatfield", "B5H 5CS", "Ap #285-4727 Auctor. Av.");
INSERT INTO user (id, name, surname, phone, email, birth_date, country, city, postal_code, address) VALUES (        "156", "Remedios", "Case", "055 3114 1566", "mollis.phasellus.libero@aol.com", "Oct 9, 1994",         "United Kingdom", "North Berwick", "QR0 8CW", "479-3690 Turpis Road");
INSERT INTO user (id, name, surname, phone, email, birth_date, country, city, postal_code, address) VALUES (        "157", "Philip", "Carey", "0800 640 6251", "phasellus@yahoo.net", "Oct 10, 1992",         "United Kingdom", "Lochgilphead", "CE2 6HT", "196-1103 Quisque Street");
INSERT INTO user (id, name, surname, phone, email, birth_date, country, city, postal_code, address) VALUES (        "158", "Fatima", "Dyer", "0800 1111", "adipiscing@google.org", "Dec 24, 1988",         "United Kingdom", "Northampton", "IL3X 6XD", "Ap #435-7194 Scelerisque, St.");
INSERT INTO user (id, name, surname, phone, email, birth_date, country, city, postal_code, address) VALUES (        "159", "Kylynn", "Acevedo", "056 5727 9602", "dignissim.lacus.aliquam@google.org", "May 10, 2000",         "United Kingdom", "Pitlochry", "K3 8UL", "871-3506 Lectus. Ave");
INSERT INTO user (id, name, surname, phone, email, birth_date, country, city, postal_code, address) VALUES (        "160", "Lael", "Moody", "07123 850737", "nunc.sed@aol.org", "Nov 19, 1987",         "United Kingdom", "Brora", "Q87 5JM", "Ap #633-810 Purus. Road");
INSERT INTO user (id, name, surname, phone, email, birth_date, country, city, postal_code, address) VALUES (        "161", "Nora", "Reeves", "(01692) 29410", "ac@aol.com", "Dec 24, 1989",         "United Kingdom", "Blaenau Ffestiniog", "T37 5PO", "Ap #956-407 Et St.");
INSERT INTO user (id, name, surname, phone, email, birth_date, country, city, postal_code, address) VALUES (        "162", "Francesca", "Sawyer", "(01632) 32279", "nunc@protonmail.com", "Apr 27, 1985",         "United Kingdom", "Bolton", "B35 2LE", "654-6011 Sociis Avenue");
INSERT INTO user (id, name, surname, phone, email, birth_date, country, city, postal_code, address) VALUES (        "163", "Denton", "Blackburn", "(015406) 66385", "tincidunt@outlook.edu", "Jan 29, 1985",         "United Kingdom", "March", "YI3K 0GV", "Ap #219-2146 A, Av.");
INSERT INTO user (id, name, surname, phone, email, birth_date, country, city, postal_code, address) VALUES (        "164", "Preston", "Hood", "0845 46 47", "convallis.est.vitae@yahoo.edu", "Jul 29, 1986",         "United Kingdom", "Elgin", "R22 2AI", "Ap #828-7829 Suspendisse Rd.");
INSERT INTO user (id, name, surname, phone, email, birth_date, country, city, postal_code, address) VALUES (        "165", "Nora", "Cantrell", "0500 767716", "varius.et.euismod@protonmail.net", "Feb 6, 1988",         "United Kingdom", "Carterton", "Q2 8QE", "1041 Lectus, Av.");
INSERT INTO user (id, name, surname, phone, email, birth_date, country, city, postal_code, address) VALUES (        "166", "Matthew", "Woodard", "070 6461 3432", "urna@outlook.net", "Jan 31, 1991",         "United Kingdom", "Bonnyrigg", "RN4P 8WW", "5258 Magna. Avenue");
INSERT INTO user (id, name, surname, phone, email, birth_date, country, city, postal_code, address) VALUES (        "167", "Sheila", "Dickerson", "(01645) 68676", "et.lacinia@hotmail.ca", "Jul 26, 1998",         "United Kingdom", "Peterhead", "WM3E 9RO", "Ap #541-5450 Ullamcorper. Road");
INSERT INTO user (id, name, surname, phone, email, birth_date, country, city, postal_code, address) VALUES (        "168", "Donna", "Rivers", "07553 472381", "elit.erat@aol.org", "Jun 9, 1990",         "United Kingdom", "Weston-super-Mare", "H8G 8FL", "690-204 Mauris, St.");
INSERT INTO user (id, name, surname, phone, email, birth_date, country, city, postal_code, address) VALUES (        "169", "Linda", "Gaines", "(011370) 15148", "faucibus@outlook.edu", "Oct 15, 1992",         "United Kingdom", "Newbury", "I5 4TY", "P.O. Box 600, 6215 Nulla Av.");
INSERT INTO user (id, name, surname, phone, email, birth_date, country, city, postal_code, address) VALUES (        "170", "William", "Benjamin", "0800 1111", "porttitor@icloud.ca", "May 15, 1987",         "United Kingdom", "Coldstream", "KY0 0DY", "662-8112 Praesent Av.");
INSERT INTO user (id, name, surname, phone, email, birth_date, country, city, postal_code, address) VALUES (        "171", "Gary", "Robbins", "0500 856738", "dolor.dolor@google.edu", "Nov 8, 1995",         "United Kingdom", "Stoke-on-Trent", "N41 3PZ", "P.O. Box 262, 1554 Vel, Ave");
INSERT INTO user (id, name, surname, phone, email, birth_date, country, city, postal_code, address) VALUES (        "172", "Yoko", "Calhoun", "055 0680 3951", "dui.nec@outlook.org", "Oct 28, 1998",         "United Kingdom", "Lochgilphead", "GV7Y 7OL", "166-9231 Nulla. St.");
INSERT INTO user (id, name, surname, phone, email, birth_date, country, city, postal_code, address) VALUES (        "173", "Bertha", "Sloan", "070 7845 5485", "et.eros@aol.couk", "Mar 24, 1996",         "United Kingdom", "Dunstable", "VB7 5NO", "P.O. Box 257, 1885 Tincidunt, Ave");
INSERT INTO user (id, name, surname, phone, email, birth_date, country, city, postal_code, address) VALUES (        "174", "Amal", "Kennedy", "(0121) 837 5655", "tellus@aol.com", "Dec 26, 1986",         "United Kingdom", "Kircudbright", "JP9Q 1AK", "Ap #224-4191 Et Street");
INSERT INTO user (id, name, surname, phone, email, birth_date, country, city, postal_code, address) VALUES (        "175", "Brent", "Bates", "0500 221383", "ipsum.primis.in@aol.ca", "Apr 8, 1996",         "United Kingdom", "Brodick", "WJ1Q 2LP", "P.O. Box 249, 1044 Erat Ave");
INSERT INTO user (id, name, surname, phone, email, birth_date, country, city, postal_code, address) VALUES (        "176", "Lucas", "Stevenson", "0800 1111", "quis.pede.praesent@google.net", "Sep 9, 1998",         "United Kingdom", "Dover", "VU8 7QH", "832-6324 Nunc Ave");
INSERT INTO user (id, name, surname, phone, email, birth_date, country, city, postal_code, address) VALUES (        "177", "Lisandra", "Carpenter", "07624 223711", "nunc@google.net", "Aug 20, 2000",         "United Kingdom", "Keith", "XA5V 0RZ", "Ap #681-4983 Nec, Av.");
INSERT INTO user (id, name, surname, phone, email, birth_date, country, city, postal_code, address) VALUES (        "178", "Guinevere", "Kemp", "070 1590 7780", "suscipit@google.net", "Jun 18, 1987",         "United Kingdom", "Kingussie", "XX8 1SH", "Ap #801-3785 Lacus. St.");
INSERT INTO user (id, name, surname, phone, email, birth_date, country, city, postal_code, address) VALUES (        "179", "Stuart", "Small", "(016977) 2504", "sodales.elit.erat@icloud.net", "Apr 21, 1983",         "United Kingdom", "Basingstoke", "AG9B 3SE", "P.O. Box 484, 610 Et Ave");
INSERT INTO user (id, name, surname, phone, email, birth_date, country, city, postal_code, address) VALUES (        "180", "Amelia", "Valenzuela", "(016977) 9972", "ac.nulla@google.couk", "Feb 27, 1986",         "United Kingdom", "Stockport", "BK0M 3FQ", "2729 Feugiat. Road");
INSERT INTO user (id, name, surname, phone, email, birth_date, country, city, postal_code, address) VALUES (        "181", "Kermit", "O'brien", "076 8212 1580", "cursus@google.com", "Jan 15, 1995",         "United Kingdom", "St. Andrews", "D5 2TG", "Ap #659-5780 Elit. Rd.");
INSERT INTO user (id, name, surname, phone, email, birth_date, country, city, postal_code, address) VALUES (        "182", "Dane", "Shepard", "0975 985 5842", "vehicula@hotmail.net", "Oct 13, 1999",         "United Kingdom", "Selkirk", "T8Q 7XU", "P.O. Box 148, 5146 Placerat. Av.");
INSERT INTO user (id, name, surname, phone, email, birth_date, country, city, postal_code, address) VALUES (        "183", "Germane", "Whitehead", "(016977) 7528", "malesuada.malesuada.integer@aol.net", "Oct 20, 1982",         "United Kingdom", "Alva", "GC6Y 2EW", "895-5715 Ipsum. Road");
INSERT INTO user (id, name, surname, phone, email, birth_date, country, city, postal_code, address) VALUES (        "184", "Ulla", "Ramirez", "055 1225 6227", "phasellus.elit@icloud.couk", "Oct 30, 1998",         "United Kingdom", "Sromness", "ED8P 8YK", "9746 Aliquet St.");
INSERT INTO user (id, name, surname, phone, email, birth_date, country, city, postal_code, address) VALUES (        "185", "Molly", "Gilliam", "0800 120 8023", "donec@outlook.couk", "Dec 21, 1993",         "United Kingdom", "Banchory", "U8H 7PH", "P.O. Box 202, 5638 Mi Rd.");
INSERT INTO user (id, name, surname, phone, email, birth_date, country, city, postal_code, address) VALUES (        "186", "Dale", "Gonzales", "056 1962 2173", "velit.in.aliquet@protonmail.org", "Oct 14, 1989",         "United Kingdom", "Dorchester", "A3X 1PW", "289-2745 Aliquet Ave");
INSERT INTO user (id, name, surname, phone, email, birth_date, country, city, postal_code, address) VALUES (        "187", "David", "Vance", "0500 351083", "vulputate.velit.eu@protonmail.org", "Aug 6, 1996",         "United Kingdom", "Tregaron", "TS6A 1YW", "P.O. Box 921, 3511 Tempus, Rd.");
INSERT INTO user (id, name, surname, phone, email, birth_date, country, city, postal_code, address) VALUES (        "188", "Keane", "Mckinney", "0345 629 4218", "at.arcu@google.net", "Jul 6, 1993",         "United Kingdom", "Leominster", "QJ73 6UB", "102-637 Ac Rd.");
INSERT INTO user (id, name, surname, phone, email, birth_date, country, city, postal_code, address) VALUES (        "189", "Walter", "Lamb", "(016977) 7335", "ut.erat@hotmail.edu", "Apr 23, 1998",         "United Kingdom", "Biggleswade", "OA9M 7PV", "592-7699 In Road");
INSERT INTO user (id, name, surname, phone, email, birth_date, country, city, postal_code, address) VALUES (        "190", "Shellie", "Valenzuela", "0500 899570", "dictum.phasellus.in@google.couk", "Jun 27, 1998",         "United Kingdom", "Fort William", "K5G 6GF", "2506 Natoque St.");
INSERT INTO user (id, name, surname, phone, email, birth_date, country, city, postal_code, address) VALUES (        "191", "Deirdre", "Todd", "056 3122 8029", "purus.mauris.a@icloud.org", "Dec 16, 1984",         "United Kingdom", "Millport", "PR67 4CE", "3423 A, Avenue");
INSERT INTO user (id, name, surname, phone, email, birth_date, country, city, postal_code, address) VALUES (        "192", "Phoebe", "Roth", "076 5361 4786", "arcu.eu@google.org", "Feb 2, 1981",         "United Kingdom", "Buckie", "R6W 3JZ", "9091 At Ave");
INSERT INTO user (id, name, surname, phone, email, birth_date, country, city, postal_code, address) VALUES (        "193", "Minerva", "Wilkins", "07581 368219", "aliquam.adipiscing@yahoo.edu", "Aug 31, 2000",         "United Kingdom", "Shaftesbury", "N9R 8TC", "437-5979 Et Ave");
INSERT INTO user (id, name, surname, phone, email, birth_date, country, city, postal_code, address) VALUES (        "194", "Porter", "Francis", "0500 257479", "quis.accumsan@aol.couk", "Jul 20, 1991",         "United Kingdom", "Newton Abbot", "O4 2AI", "132-7918 Elementum, Avenue");
INSERT INTO user (id, name, surname, phone, email, birth_date, country, city, postal_code, address) VALUES (        "195", "Rosalyn", "Blake", "(015905) 28451", "integer@protonmail.net", "Apr 25, 1984",         "United Kingdom", "Swindon", "P4 6UA", "Ap #694-5578 Viverra. Av.");
INSERT INTO user (id, name, surname, phone, email, birth_date, country, city, postal_code, address) VALUES (        "196", "Blaze", "Duke", "0800 060 8337", "quis@hotmail.ca", "Feb 12, 1992",         "United Kingdom", "March", "V5 2UL", "416-2357 Vel, Rd.");
INSERT INTO user (id, name, surname, phone, email, birth_date, country, city, postal_code, address) VALUES (        "197", "Carly", "Mathews", "(024) 5216 7655", "mauris@protonmail.edu", "May 23, 1996",         "United Kingdom", "Bathgate", "KH0E 3HR", "8486 Nunc Ave");
INSERT INTO user (id, name, surname, phone, email, birth_date, country, city, postal_code, address) VALUES (        "198", "Keely", "Fox", "0800 1111", "id.mollis@google.net", "Jul 1, 1989",         "United Kingdom", "Blairgowrie", "N4 5WB", "8716 Mi St.");
INSERT INTO user (id, name, surname, phone, email, birth_date, country, city, postal_code, address) VALUES (        "199", "Lewis", "Melendez", "(016977) 5758", "non@yahoo.net", "Jul 8, 1990",         "United Kingdom", "March", "JM6 4QS", "Ap #615-7530 Nunc Av.");
INSERT INTO user (id, name, surname, phone, email, birth_date, country, city, postal_code, address) VALUES (        "200", "Nero", "Mills", "056 4507 5712", "adipiscing@protonmail.org", "Aug 8, 1984",         "United Kingdom", "Newtown", "KK80 6UC", "Ap #809-8475 Donec Street");
INSERT INTO user (id, name, surname, phone, email, birth_date, country, city, postal_code, address) VALUES (        "201", "Iola", "Powers", "018-139-4717", "ante.blandit@outlook.edu", "Mar 20, 2000",         "Canada", "Rigolet", "V6T 6M7", "154-5415 Auctor St.");
INSERT INTO user (id, name, surname, phone, email, birth_date, country, city, postal_code, address) VALUES (        "202", "Maxwell", "Holden", "045-402-7693", "donec@hotmail.edu", "Dec 2, 1986",         "Canada", "Murdochville", "S7E 6E0", "Ap #880-6372 Ultrices. St.");
INSERT INTO user (id, name, surname, phone, email, birth_date, country, city, postal_code, address) VALUES (        "203", "Jarrod", "Fields", "010-741-8105", "sit.amet@google.couk", "Jan 6, 1982",         "Canada", "Baddeck", "K3X 6Z5", "441-8969 Rhoncus Road");
INSERT INTO user (id, name, surname, phone, email, birth_date, country, city, postal_code, address) VALUES (        "204", "Emerson", "Sharp", "068-138-9383", "ante.iaculis@outlook.ca", "Oct 15, 1994",         "Canada", "Maple Creek", "Y2C 9E6", "517-6759 Ut, Av.");
INSERT INTO user (id, name, surname, phone, email, birth_date, country, city, postal_code, address) VALUES (        "205", "Sonya", "Mckee", "041-151-9737", "magna.phasellus.dolor@google.ca", "May 7, 1983",         "Canada", "Dieppe", "E7S 4P8", "Ap #916-8051 A St.");
INSERT INTO user (id, name, surname, phone, email, birth_date, country, city, postal_code, address) VALUES (        "206", "Harper", "Hart", "030-656-1670", "fringilla.donec@outlook.net", "Nov 17, 2000",         "Canada", "Qubec City", "B4K 0J6", "8588 Massa. Ave");
INSERT INTO user (id, name, surname, phone, email, birth_date, country, city, postal_code, address) VALUES (        "207", "Yvonne", "Hatfield", "003-854-1445", "magna.et.ipsum@google.edu", "Sep 22, 1981",         "Canada", "Rae-Edzo", "20Y 8L2", "Ap #636-8055 Egestas St.");
INSERT INTO user (id, name, surname, phone, email, birth_date, country, city, postal_code, address) VALUES (        "208", "Burke", "Graham", "064-568-4454", "vel@yahoo.org", "Feb 23, 1993",         "Canada", "Annapolis Royal", "S4Y 8V5", "Ap #983-6042 Amet Street");
INSERT INTO user (id, name, surname, phone, email, birth_date, country, city, postal_code, address) VALUES (        "209", "Athena", "Malone", "027-280-8275", "pellentesque.tincidunt@yahoo.ca", "Dec 14, 1991",         "Canada", "Cambridge Bay", "93Z 5S5", "Ap #388-8542 Est St.");
INSERT INTO user (id, name, surname, phone, email, birth_date, country, city, postal_code, address) VALUES (        "210", "Slade", "Poole", "084-771-1363", "amet@icloud.com", "Feb 16, 2001",         "Canada", "Ottawa", "A1S 9W6", "601-6142 Etiam St.");
INSERT INTO user (id, name, surname, phone, email, birth_date, country, city, postal_code, address) VALUES (        "211", "Larissa", "Carpenter", "066-617-3711", "congue@aol.org", "Jan 21, 1998",         "Canada", "Cumberland", "S5Y 2L8", "7285 Sed St.");
INSERT INTO user (id, name, surname, phone, email, birth_date, country, city, postal_code, address) VALUES (        "212", "Zeph", "Schmidt", "056-157-7412", "vestibulum.lorem@hotmail.ca", "Apr 10, 1986",         "Canada", "Fort Smith", "V3G 8B3", "4756 Tempor Rd.");
INSERT INTO user (id, name, surname, phone, email, birth_date, country, city, postal_code, address) VALUES (        "213", "Blake", "Strickland", "067-339-3024", "ac.libero.nec@yahoo.com", "Apr 15, 1983",         "Canada", "Mission", "R0V 9R2", "P.O. Box 207, 6843 Imperdiet Avenue");
INSERT INTO user (id, name, surname, phone, email, birth_date, country, city, postal_code, address) VALUES (        "214", "Cleo", "George", "026-867-1198", "pellentesque.habitant@outlook.net", "Dec 24, 1998",         "Canada", "Kakisa", "R6W 8G7", "Ap #266-9424 Orci St.");
INSERT INTO user (id, name, surname, phone, email, birth_date, country, city, postal_code, address) VALUES (        "215", "Keegan", "Watson", "058-771-3718", "interdum.enim.non@protonmail.edu", "May 2, 1996",         "Canada", "Oxford County", "S7H 0G4", "270-2964 Aliquet Avenue");
INSERT INTO user (id, name, surname, phone, email, birth_date, country, city, postal_code, address) VALUES (        "216", "Tana", "Stout", "035-569-5523", "et.magnis.dis@aol.net", "Jun 28, 1983",         "Canada", "Municipal District", "D6Y 8V7", "7884 Vulputate Rd.");
INSERT INTO user (id, name, surname, phone, email, birth_date, country, city, postal_code, address) VALUES (        "217", "Avye", "Key", "016-727-3427", "non.dui@yahoo.net", "Mar 16, 1987",         "Canada", "Marystown", "37N 1N0", "P.O. Box 712, 8627 Mi Rd.");
INSERT INTO user (id, name, surname, phone, email, birth_date, country, city, postal_code, address) VALUES (        "218", "Sonia", "Dejesus", "091-540-1865", "ipsum.porta@google.edu", "Jun 13, 1997",         "Canada", "Fredericton", "H6H 1C1", "231-8704 Tempor Ave");
INSERT INTO user (id, name, surname, phone, email, birth_date, country, city, postal_code, address) VALUES (        "219", "Ivan", "Saunders", "036-230-9218", "egestas.blandit.nam@icloud.org", "Jul 7, 1985",         "Canada", "Houston", "b5M 0E6", "350-1489 Sit Road");
INSERT INTO user (id, name, surname, phone, email, birth_date, country, city, postal_code, address) VALUES (        "220", "Martha", "Roth", "077-482-6236", "semper.rutrum@yahoo.edu", "Apr 5, 1994",         "Canada", "Gander", "A3X 8E4", "Ap #179-4366 Pellentesque St.");
INSERT INTO user (id, name, surname, phone, email, birth_date, country, city, postal_code, address) VALUES (        "221", "Sasha", "Emerson", "024-226-4281", "tempor.augue.ac@icloud.couk", "Aug 24, 1981",         "Canada", "Watson Lake", "H3X 9N3", "885-8605 Egestas Rd.");
INSERT INTO user (id, name, surname, phone, email, birth_date, country, city, postal_code, address) VALUES (        "222", "Theodore", "Barry", "098-447-1583", "at.pede.cras@google.ca", "Feb 16, 1983",         "Canada", "Ucluelet", "B2C 5H2", "786-2757 Diam Rd.");
INSERT INTO user (id, name, surname, phone, email, birth_date, country, city, postal_code, address) VALUES (        "223", "Linus", "Willis", "056-347-2535", "ultrices.posuere@yahoo.couk", "Mar 23, 1992",         "Canada", "Lourdes", "B0R 4L1", "6491 Cursus St.");
INSERT INTO user (id, name, surname, phone, email, birth_date, country, city, postal_code, address) VALUES (        "224", "Raymond", "Oneil", "001-668-7183", "lorem@outlook.ca", "Jan 21, 1987",         "Canada", "Watson Lake", "E9K 1S7", "172 Enim. St.");
INSERT INTO user (id, name, surname, phone, email, birth_date, country, city, postal_code, address) VALUES (        "225", "Ursa", "Kelly", "007-454-7455", "vitae.diam@icloud.ca", "Aug 21, 1996",         "Canada", "West Vancouver", "T0G 8G4", "540-895 Bibendum. Avenue");
INSERT INTO user (id, name, surname, phone, email, birth_date, country, city, postal_code, address) VALUES (        "226", "Willa", "Rowland", "011-259-1714", "sociosqu.ad.litora@outlook.net", "Feb 19, 2001",         "Canada", "Paulatuk", "S4T 5M8", "Ap #728-8176 A, St.");
INSERT INTO user (id, name, surname, phone, email, birth_date, country, city, postal_code, address) VALUES (        "227", "Idola", "Bowen", "039-398-2123", "gravida.molestie.arcu@outlook.org", "Jan 18, 1991",         "Canada", "Dieppe", "S1Y 5T7", "Ap #685-1370 Curabitur Av.");
INSERT INTO user (id, name, surname, phone, email, birth_date, country, city, postal_code, address) VALUES (        "228", "Leonard", "Davenport", "033-159-5147", "venenatis@yahoo.net", "Oct 30, 1989",         "Canada", "Beauport", "27C 8H7", "P.O. Box 293, 261 Donec Ave");
INSERT INTO user (id, name, surname, phone, email, birth_date, country, city, postal_code, address) VALUES (        "229", "Wade", "Russell", "002-612-8695", "ipsum@yahoo.org", "Oct 13, 1987",         "Canada", "Guysborough", "66A 5X8", "579-6807 Tellus Road");
INSERT INTO user (id, name, surname, phone, email, birth_date, country, city, postal_code, address) VALUES (        "230", "Dean", "Donovan", "064-828-4927", "dolor.elit@outlook.org", "Jan 31, 1989",         "Canada", "Cornwall", "b3C 9X8", "346-6657 Diam Rd.");
INSERT INTO user (id, name, surname, phone, email, birth_date, country, city, postal_code, address) VALUES (        "231", "Zoe", "Morrow", "039-828-3280", "lacinia@google.com", "Oct 25, 1987",         "Canada", "Town of Yarmouth", "S1A 9G5", "Ap #672-8013 Natoque St.");
INSERT INTO user (id, name, surname, phone, email, birth_date, country, city, postal_code, address) VALUES (        "232", "Elijah", "Stone", "035-145-1918", "in@yahoo.net", "Jan 24, 1988",         "Canada", "Shawinigan", "74W 5N4", "Ap #210-4430 Donec Road");
INSERT INTO user (id, name, surname, phone, email, birth_date, country, city, postal_code, address) VALUES (        "233", "Griffith", "Golden", "056-674-6383", "nunc@yahoo.org", "Dec 4, 1989",         "Canada", "Municipal District", "53S 8R5", "190-7471 Dolor. Street");
INSERT INTO user (id, name, surname, phone, email, birth_date, country, city, postal_code, address) VALUES (        "234", "Camilla", "Roach", "011-421-2427", "tristique.senectus@hotmail.edu", "Feb 27, 1993",         "Canada", "Brandon", "R2E 1C9", "Ap #858-5803 Praesent Street");
INSERT INTO user (id, name, surname, phone, email, birth_date, country, city, postal_code, address) VALUES (        "235", "Medge", "Nieves", "044-518-5071", "ac@icloud.couk", "Jun 11, 1993",         "Canada", "Ponoka", "H7R 2T8", "561-787 Pellentesque Street");
INSERT INTO user (id, name, surname, phone, email, birth_date, country, city, postal_code, address) VALUES (        "236", "Gemma", "Calderon", "049-527-1060", "in.faucibus.morbi@aol.edu", "Nov 12, 1989",         "Canada", "Champlain", "S4J 1P5", "983-9057 Integer Av.");
INSERT INTO user (id, name, surname, phone, email, birth_date, country, city, postal_code, address) VALUES (        "237", "Drake", "Walsh", "048-338-9721", "libero.integer@google.edu", "Jan 22, 1984",         "Canada", "Flin Flon", "f8T 7B4", "P.O. Box 511, 7500 Interdum Ave");
INSERT INTO user (id, name, surname, phone, email, birth_date, country, city, postal_code, address) VALUES (        "238", "Chester", "Haynes", "059-783-3104", "ut@protonmail.edu", "Sep 13, 1988",         "Canada", "Cochrane", "74M 8T1", "P.O. Box 284, 9364 Ultrices St.");
INSERT INTO user (id, name, surname, phone, email, birth_date, country, city, postal_code, address) VALUES (        "239", "Melissa", "Cameron", "012-127-5563", "quisque.varius@protonmail.ca", "Feb 21, 1992",         "Canada", "Beausejour", "B0K 2P6", "Ap #147-7582 Ante St.");
INSERT INTO user (id, name, surname, phone, email, birth_date, country, city, postal_code, address) VALUES (        "240", "Jada", "Porter", "074-247-8256", "condimentum.donec@aol.ca", "Sep 8, 1987",         "Canada", "North Vancouver", "R5L 6C1", "P.O. Box 557, 8889 Erat Rd.");
INSERT INTO user (id, name, surname, phone, email, birth_date, country, city, postal_code, address) VALUES (        "241", "Xandra", "Spencer", "016-322-6574", "cursus.in@outlook.net", "Jun 22, 1989",         "Canada", "Fraser-Fort George", "P1B 8C8", "P.O. Box 848, 3751 Ante, Road");
INSERT INTO user (id, name, surname, phone, email, birth_date, country, city, postal_code, address) VALUES (        "242", "Neville", "Donovan", "027-122-5812", "ac@protonmail.edu", "May 21, 1988",         "Canada", "Cape Breton Island", "R8H 1V7", "326-1559 Nunc. Avenue");
INSERT INTO user (id, name, surname, phone, email, birth_date, country, city, postal_code, address) VALUES (        "243", "Alan", "Vazquez", "084-548-5311", "sapien.gravida.non@protonmail.couk", "Jun 17, 1996",         "Canada", "Fort Good Hope", "41T 4T0", "697-3023 Donec Road");
INSERT INTO user (id, name, surname, phone, email, birth_date, country, city, postal_code, address) VALUES (        "244", "Andrew", "Strong", "037-676-0570", "nulla.at@google.ca", "May 17, 1997",         "Canada", "Watson Lake", "Z1B 9R8", "P.O. Box 961, 5209 Ridiculus Av.");
INSERT INTO user (id, name, surname, phone, email, birth_date, country, city, postal_code, address) VALUES (        "245", "Iola", "Griffith", "081-781-2806", "magna@protonmail.couk", "May 5, 1995",         "Canada", "Penticton", "A2E 1B5", "P.O. Box 912, 8949 Quis Avenue");
INSERT INTO user (id, name, surname, phone, email, birth_date, country, city, postal_code, address) VALUES (        "246", "Lewis", "Lynn", "061-978-2835", "consectetuer.adipiscing@outlook.edu", "Jun 13, 1979",         "Canada", "Neuville", "20N 5E1", "Ap #549-4391 Dapibus St.");
INSERT INTO user (id, name, surname, phone, email, birth_date, country, city, postal_code, address) VALUES (        "247", "Olga", "Case", "083-633-4683", "turpis@yahoo.edu", "Jul 4, 1991",         "Canada", "Lions Bay", "N1J 8P7", "P.O. Box 140, 3589 Vestibulum. Ave");
INSERT INTO user (id, name, surname, phone, email, birth_date, country, city, postal_code, address) VALUES (        "248", "Allen", "Calhoun", "024-836-3222", "ipsum.non@outlook.ca", "Nov 1, 1987",         "Canada", "Cambridge Bay", "N7J 8S7", "Ap #698-8629 Nulla Street");
INSERT INTO user (id, name, surname, phone, email, birth_date, country, city, postal_code, address) VALUES (        "249", "Rhea", "Harvey", "052-042-5654", "proin@protonmail.org", "Jul 2, 1997",         "Canada", "Weyburn", "j7L 2S9", "910-7903 Habitant Avenue");
INSERT INTO user (id, name, surname, phone, email, birth_date, country, city, postal_code, address) VALUES (        "250", "Hilda", "Levy", "088-867-5267", "et.libero@yahoo.org", "Dec 21, 1994",         "Canada", "Baddeck", "B4R 5C5", "P.O. Box 306, 6953 At Street");
INSERT INTO user (id, name, surname, phone, email, birth_date, country, city, postal_code, address) VALUES (        "251", "Zane", "Collier", "098-548-1455", "in.aliquet.lobortis@icloud.com", "Aug 25, 1980",         "Canada", "Beaconsfield", "H4Y 6Y2", "P.O. Box 309, 103 Neque Street");
INSERT INTO user (id, name, surname, phone, email, birth_date, country, city, postal_code, address) VALUES (        "252", "Zephania", "Collins", "031-817-1549", "urna.vivamus@icloud.ca", "Jun 29, 1994",         "Canada", "Arviat", "Y8X 0E8", "237-5532 Donec St.");
INSERT INTO user (id, name, surname, phone, email, birth_date, country, city, postal_code, address) VALUES (        "253", "Keane", "Parks", "048-303-4775", "consectetuer.adipiscing@google.edu", "Oct 2, 1986",         "Canada", "Town of Yarmouth", "T2R 4Z7", "793-2776 Ornare St.");
INSERT INTO user (id, name, surname, phone, email, birth_date, country, city, postal_code, address) VALUES (        "254", "John", "Cotton", "085-253-4901", "diam@yahoo.org", "Sep 26, 1983",         "Canada", "Colwood", "53K 8S9", "Ap #324-6329 Ipsum Road");
INSERT INTO user (id, name, surname, phone, email, birth_date, country, city, postal_code, address) VALUES (        "255", "Blaze", "Daniel", "087-870-8309", "felis@protonmail.org", "Oct 11, 1998",         "Canada", "Swan Hills", "Y1N 5X1", "811-6644 Id, Road");
INSERT INTO user (id, name, surname, phone, email, birth_date, country, city, postal_code, address) VALUES (        "256", "Lane", "Paul", "044-254-6877", "nec.euismod@aol.edu", "Aug 10, 1983",         "Canada", "Saskatoon", "T3J 3X5", "P.O. Box 850, 1002 Purus. Av.");
INSERT INTO user (id, name, surname, phone, email, birth_date, country, city, postal_code, address) VALUES (        "257", "Heather", "Burks", "053-588-8671", "primis.in@protonmail.com", "Oct 13, 1994",         "Canada", "Dieppe", "86W 9G5", "Ap #966-2226 Congue, Street");
INSERT INTO user (id, name, surname, phone, email, birth_date, country, city, postal_code, address) VALUES (        "258", "Stone", "Robbins", "076-226-5738", "tempus.eu.ligula@google.edu", "Jun 26, 1980",         "Canada", "Caledon", "R4R 6Y3", "Ap #169-3524 Quam Street");
INSERT INTO user (id, name, surname, phone, email, birth_date, country, city, postal_code, address) VALUES (        "259", "Slade", "Downs", "034-228-4880", "nunc@protonmail.net", "May 28, 1994",         "Canada", "Minitonas", "T2Y 5Z1", "Ap #219-2963 Tristique Road");
INSERT INTO user (id, name, surname, phone, email, birth_date, country, city, postal_code, address) VALUES (        "260", "Grace", "Rowe", "071-756-4297", "convallis.convallis@hotmail.edu", "Mar 25, 1987",         "Canada", "Abbotsford", "Y7S 3W6", "Ap #417-5793 Tincidunt Rd.");
INSERT INTO user (id, name, surname, phone, email, birth_date, country, city, postal_code, address) VALUES (        "261", "Violet", "Weber", "019-661-3744", "aliquet.metus@hotmail.couk", "Sep 23, 1984",         "Canada", "Ucluelet", "W4C 3H8", "102-5355 Aliquet. Av.");
INSERT INTO user (id, name, surname, phone, email, birth_date, country, city, postal_code, address) VALUES (        "262", "Brett", "Kirby", "076-166-2169", "auctor.nunc.nulla@outlook.org", "Dec 12, 1988",         "Canada", "Banff", "S6V 7V5", "Ap #431-3047 Adipiscing Rd.");
INSERT INTO user (id, name, surname, phone, email, birth_date, country, city, postal_code, address) VALUES (        "263", "Ima", "Hendricks", "065-953-8795", "diam.proin@icloud.net", "Nov 6, 1990",         "Canada", "Whitehorse", "78V 0B5", "Ap #750-483 Lorem, Rd.");
INSERT INTO user (id, name, surname, phone, email, birth_date, country, city, postal_code, address) VALUES (        "264", "Keiko", "Guerra", "034-741-6314", "blandit@outlook.ca", "Dec 12, 1993",         "Canada", "Bathurst", "T7C 9N8", "Ap #243-4259 Lectus Street");
INSERT INTO user (id, name, surname, phone, email, birth_date, country, city, postal_code, address) VALUES (        "265", "Chloe", "Keith", "022-178-1548", "arcu.eu@protonmail.org", "Jan 10, 1999",         "Canada", "Oliver", "B5T 7L6", "P.O. Box 289, 3192 Cursus St.");
INSERT INTO user (id, name, surname, phone, email, birth_date, country, city, postal_code, address) VALUES (        "266", "Aiko", "Chaney", "026-660-1876", "ante.ipsum.primis@protonmail.ca", "Oct 16, 1986",         "Canada", "Vancouver", "R8S 1E1", "821-3499 Sapien. Ave");
INSERT INTO user (id, name, surname, phone, email, birth_date, country, city, postal_code, address) VALUES (        "267", "Ocean", "Nelson", "079-481-2745", "aenean@yahoo.com", "Dec 26, 1991",         "Canada", "Charlottetown", "85X 3P4", "Ap #732-8357 Pede, Rd.");
INSERT INTO user (id, name, surname, phone, email, birth_date, country, city, postal_code, address) VALUES (        "268", "Clark", "Olson", "029-086-1867", "nunc@icloud.net", "Mar 15, 1987",         "Canada", "Montague", "S3Y 1W6", "1315 Est Rd.");
INSERT INTO user (id, name, surname, phone, email, birth_date, country, city, postal_code, address) VALUES (        "269", "Haley", "Fitzpatrick", "055-871-6664", "in.aliquet@outlook.org", "Jan 10, 1996",         "Canada", "Pangnirtung", "R0Y 1E3", "P.O. Box 914, 451 Nam Rd.");
INSERT INTO user (id, name, surname, phone, email, birth_date, country, city, postal_code, address) VALUES (        "270", "Elton", "Roberson", "096-325-5107", "tristique.pharetra@google.net", "Oct 12, 1990",         "Canada", "McCallum", "R0V 4P6", "2857 Natoque Road");
INSERT INTO user (id, name, surname, phone, email, birth_date, country, city, postal_code, address) VALUES (        "271", "Leandra", "Cherry", "089-285-7016", "lobortis.quis@hotmail.ca", "Sep 2, 1991",         "Canada", "Gander", "H6S 6M9", "554-9293 Sollicitudin Av.");
INSERT INTO user (id, name, surname, phone, email, birth_date, country, city, postal_code, address) VALUES (        "272", "Hedwig", "Gilbert", "064-204-8788", "sem.eget@icloud.edu", "Apr 16, 1991",         "Canada", "Tuktoyaktuk", "Q4C 3G7", "P.O. Box 496, 5145 Sapien Road");
INSERT INTO user (id, name, surname, phone, email, birth_date, country, city, postal_code, address) VALUES (        "273", "Hilary", "Ferguson", "060-710-1604", "sapien.molestie.orci@google.edu", "Nov 3, 1981",         "Canada", "Pangnirtung", "12T 5G4", "Ap #736-4628 Cras St.");
INSERT INTO user (id, name, surname, phone, email, birth_date, country, city, postal_code, address) VALUES (        "274", "Jameson", "Hunt", "024-732-2321", "fringilla@protonmail.com", "Jan 29, 1982",         "Canada", "Township of Minden Hills", "B6V 6N4", "224-4927 Praesent Ave");
INSERT INTO user (id, name, surname, phone, email, birth_date, country, city, postal_code, address) VALUES (        "275", "Kenyon", "Hartman", "082-871-7248", "convallis.ante.lectus@yahoo.com", "Aug 3, 1982",         "Canada", "Richmond", "R8H 2K2", "8564 Facilisi. St.");

#correccion gustavo : he cambiado el varchar a inty ahora si funciona 



select * from company;
select * from credit_card ;
select * from user ;
select * from transaction ; 


#exercici 2 
select * from credit_card;
#El departament de Recursos Humans ha identificat un error en el nmero de compte
#de l'usuari amb ID CcU-2938. La informaci que ha de mostrar-se per a aquest registre s:
#R323456312213576817699999. Recorda mostrar que el canvi es va realitzar.

UPDATE credit_card
SET iban  = 'R323456312213576817699999'
WHERE id = 'CcU-2938';

#exercici 3 
#En la taula "transaction" ingressa un nou usuari amb la segent informaci:
#Id 	108B1D1D-5B23-A76C-55EF-C568E49A99DD
#credit_card_id 	CcU-9999
#company_id 	b-9999
#user_id 	9999
#lat 	829.999
#longitude 	-117.999
#amount 	111.11
#declined 	0

INSERT INTO company(id)
VALUES (" b-9999"); 

INSERT INTO credit_card(id)
VALUES (" Ccu-9999"); 

-- Desactivo las restricciones de clave externa
SET foreign_key_checks = 0;

-- hago la insercin
INSERT INTO transaction (Id, credit_card_id, company_id, user_id, lat, longitude, amount, declined)
VALUES ('108B1D1D-5B23-A76C-55EF-C568E49A99DD', 'CcU-9999', 'b-9999', 9999, 829.999, -117.999, 111.11, 0);

-- Reactivo  las restricciones de clave externa
SET foreign_key_checks = 1;




select *  from transaction where id = '108B1D1D-5B23-A76C-55EF-C568E49A99DD' ;
# ya existia 

#- Exercici 4

#Des de recursos humans et solliciten eliminar la columna "pan" de la taula credit_*card. Recorda mostrar el canvi realitzat.

ALTER TABLE credit_card DROP COLUMN pan;



#Nivell 2
#Exercici 1

#Elimina de la taula transaction el registre amb ID 02C6201E-D90A-1859-B4EE-88D2986D3B02 de la base de dades.

DELETE FROM transaction WHERE id = '02C6201E-D90A-1859-B4EE-88D2986D3B02';


#Exercici 2

#La secci de mrqueting desitja tenir accs a informaci especfica per a realitzar anlisi i estratgies efectives. 
#S'ha sollicitat crear una vista que proporcioni detalls clau sobre les companyies i les seves transaccions. 
#Ser necessria que cres una vista anomenada VistaMarketing que contingui la segent informaci:
# Nom de la companyia. Telfon de contacte. Pas de residncia. Mitjana de compra realitzat per cada companyia.
# Presenta la vista creada, ordenant les dades de major a menor mitjana de compra.



CREATE VIEW VistaMarketing AS
SELECT 
company.company_name AS Nom_de_la_companyia, company.phone AS Telfon_de_contacte, company.country AS Pas_de_residncia,
AVG(transaction.amount) AS Mitjana_de_compra
FROM company
JOIN transaction ON company.id = transaction.company_id
GROUP BY company.id
ORDER BY AVG(transaction.amount) DESC;
    
    
   #Exercici 3 
#Filtra la vista VistaMarketing per a mostrar noms les companyies que tenen el seu pas de residncia en "Germany"


#corregido correcto Gustavo 

SELECT *
FROM VistaMarketing
WHERE pas_de_residncia = 'Germany';    

#Nivell 3
#Exercici 1

#La setmana vinent tindrs una nova reuni amb els gerents de mrqueting.
#Un company del teu equip va realitzar modificacions en la base de dades, per no recorda com les va realitzar. 
#Et demana que l'ajudis a deixar els comandos executats per a obtenir el segent diagrama: 


#ALTER TABLE transaction MODIFY COLUMN amount DECIMAL(10,0);
#ALTER TABLE transaction MODIFY COLUMN lat FLOAT;
#ALTER TABLE transaction MODIFY COLUMN longitude float;
#ALTER TABLE transaction MODIFY COLUMN user_id INT;

#ALTER TABLE user MODIFY COLUMN id INT;

#correccion gustavo 

ALTER TABLE user MODIFY COLUMN id INT;
ALTER TABLE company 
DROP COLUMN website ; 
ALTER TABLE credit_card ADD COLUMN fecha_actual  DATE;

#Exercici 2

#L'empresa tamb et sollicita crear una vista anomenada "InformeTecnico" que contingui la segent informaci:

#  ID de la transacci
#  Nom de l'usuari/ria
# Cognom de l'usuari/ria
# IBAN de la targeta de crdit usada.
# Nom de la companyia de la transacci realitzada.
# Assegura't d'incloure informaci rellevant de totes dues taules i utilitza lies per a canviar de nom columnes segons sigui necessari.

#Mostra els resultats de la vista, ordena els resultats de manera descendent en funci de la variable ID de transaction.
# pasaje cambie a int. borrar ALTER TABLE user MODIFY COLUMN id INT;


#correccion gustavo : he cambiado el varchar a inty ahora si funciona 


# en vez de comillas en los alias tambien puedo poner los espacios y sin comillas ) 

CREATE VIEW InformeTecnico AS
SELECT 
t.id AS 'ID de la transacci',
u.name AS 'Nom de l\'usuari/ria',
u.surname AS 'Cognom de l\'usuari/ria',
cc.iban AS 'IBAN de la targeta de crdit usada',
c.company_name AS 'Nom de la companyia de la transacci realitzada'
FROM transaction t
JOIN user u ON t.user_id = u.id
JOIN credit_card cc ON t.credit_card_id = cc.id
JOIN company c ON t.company_id = c.id
ORDER BY t.id DESC;

select * from user ;
select * from transaction ;

Select * FROM  InformeTecnico;






    


